pair,fiveyear,totGMIs,rank
"AD-BE","1996-00",1,399
"AD-ES","2011-15",1,724
"AD-FR","1991-95",1,360
"AD-US","2011-15",1,648
"AE-AE","1986-90",0,347
"AE-AE","1991-95",0,458
"AE-AE","1996-00",0,594
"AE-AE","2001-05",0,615
"AE-AE","2006-10",0,828
"AE-AE","2011-15",0,896
"AF-CH","1996-00",1,390
"AF-US","1996-00",1,486
"AG-AR","2001-05",1,542
"AG-AR","2006-10",1,551
"AG-AR","2011-15",2,591
"AG-CH","2011-15",1,647
"AG-US","2001-05",1,437
"AI-DE","1996-00",1,449
"AI-GB","2001-05",1,550
"AI-US","2006-10",1,734
"AI-ZA","1986-90",2,157
"AI-ZA","1991-95",1,322
"AM-AM","1996-00",0,577
"AM-AM","2001-05",0,661
"AM-AM","2006-10",0,784
"AM-AM","2011-15",0,858
"AN-CH","1996-00",1,462
"AN-DE","2001-05",1,601
"AN-IL","1996-00",1,431
"AN-NL","1996-00",1,378
"AN-NL","2001-05",1,606
"AO-FR","1986-90",1,226
"AO-FR","2006-10",2,489
"AO-US","2006-10",2,476
"AQ-AR","1996-00",1,466
"AR-AR","1986-90",0,371
"AR-AR","1991-95",0,405
"AR-AR","1996-00",0,581
"AR-AR","2001-05",0,642
"AR-AR","2006-10",0,782
"AR-AR","2011-15",0,891
"AT-AE","2011-15",4,404
"AT-AT","1986-90",0,358
"AT-AT","1991-95",0,412
"AT-AT","1996-00",0,606
"AT-AT","2001-05",0,607
"AT-AT","2006-10",0,758
"AT-AT","2011-15",0,848
"AU-AT","1986-90",8,76
"AU-AT","1991-95",12,87
"AU-AT","1996-00",18,102
"AU-AT","2001-05",24,109
"AU-AT","2006-10",15,171
"AU-AT","2011-15",19,183
"AU-AU","1986-90",0,331
"AU-AU","1991-95",0,430
"AU-AU","1996-00",0,537
"AU-AU","2001-05",0,623
"AU-AU","2006-10",0,761
"AU-AU","2011-15",0,838
"AW-FR","2006-10",1,642
"AZ-AU","2001-05",1,549
"AZ-AU","2011-15",1,792
"AZ-US","1986-90",4,109
"AZ-US","1991-95",3,195
"AZ-US","2001-05",1,561
"AZ-US","2006-10",1,671
"AZ-US","2011-15",3,484
"BA-BS","1996-00",1,489
"BA-BS","2001-05",1,547
"BA-DE","2011-15",1,616
"BA-DK","2011-15",1,598
"BA-GB","2006-10",1,561
"BA-US","1986-90",2,175
"BA-US","1991-95",1,319
"BA-US","1996-00",3,277
"BA-US","2006-10",1,744
"BB-AT","2011-15",1,766
"BB-BE","1996-00",1,403
"BB-BE","2001-05",1,495
"BB-CA","1996-00",1,461
"BB-CA","2006-10",1,676
"BB-DK","1996-00",1,510
"BB-GB","1991-95",1,361
"BB-GB","1996-00",2,287
"BB-GB","2001-05",1,470
"BB-MX","2011-15",2,586
"BB-US","1991-95",1,391
"BB-US","2001-05",1,569
"BB-US","2006-10",1,533
"BB-US","2011-15",1,646
"BD-BD","2011-15",0,859
"BE-AR","2006-10",1,532
"BE-AR","2011-15",1,799
"BE-AT","1996-00",3,264
"BE-AT","2001-05",2,371
"BE-AT","2006-10",5,310
"BE-AT","2011-15",1,747
"BE-AU","1991-95",3,176
"BE-AU","1996-00",2,312
"BE-AU","2001-05",14,149
"BE-AU","2006-10",6,272
"BE-AU","2011-15",16,205
"BE-BE","1986-90",0,348
"BE-BE","1991-95",0,454
"BE-BE","1996-00",0,538
"BE-BE","2001-05",0,659
"BE-BE","2006-10",0,759
"BE-BE","2011-15",0,902
"BF-BE","1986-90",3,136
"BF-BE","1991-95",3,201
"BF-BE","2011-15",1,700
"BG-AU","2001-05",4,267
"BG-BE","1986-90",1,285
"BG-BE","1991-95",3,186
"BG-BE","1996-00",8,180
"BG-BE","2001-05",18,135
"BG-BE","2006-10",18,164
"BG-BE","2011-15",20,179
"BG-BG","1986-90",0,335
"BG-BG","1991-95",0,425
"BG-BG","1996-00",0,612
"BG-BG","2001-05",0,637
"BG-BG","2006-10",0,805
"BG-BG","2011-15",0,876
"BH-GB","2011-15",1,744
"BH-SA","2011-15",4,396
"BH-US","2006-10",2,465
"BM-BM","1986-90",0,339
"BM-BM","1991-95",0,414
"BM-BM","1996-00",0,535
"BM-BM","2001-05",0,653
"BM-BM","2006-10",0,756
"BM-BM","2011-15",0,875
"BN-US","2001-05",1,454
"BN-US","2006-10",1,703
"BN-US","2011-15",1,709
"BO-FR","2006-10",1,599
"BR-AR","2001-05",1,573
"BR-AR","2006-10",1,646
"BR-AR","2011-15",1,669
"BR-AT","2006-10",1,592
"BR-AU","2006-10",1,704
"BR-AU","2011-15",1,676
"BR-BE","2011-15",1,643
"BR-BR","1986-90",0,318
"BR-BR","1991-95",0,420
"BR-BR","1996-00",0,548
"BR-BR","2001-05",0,621
"BR-BR","2006-10",0,788
"BR-BR","2011-15",0,837
"BS-BS","1986-90",0,332
"BS-BS","1991-95",0,413
"BS-BS","1996-00",0,608
"BS-BS","2001-05",0,618
"BS-BS","2011-15",0,872
"BY-BY","1991-95",0,452
"BY-BY","1996-00",0,571
"BY-BY","2001-05",0,667
"BY-BY","2006-10",0,783
"BY-BY","2011-15",0,906
"BZ-CA","2006-10",1,608
"BZ-CA","2011-15",1,630
"BZ-DE","2011-15",1,713
"CA-AE","1996-00",1,451
"CA-AE","2001-05",2,351
"CA-AE","2006-10",2,501
"CA-AE","2011-15",7,314
"CA-AR","2001-05",1,451
"CA-AR","2006-10",1,738
"CA-AT","1986-90",10,66
"CA-AT","1991-95",3,191
"CA-AT","1996-00",12,133
"CA-AT","2001-05",12,160
"CA-AT","2006-10",17,166
"CA-AT","2011-15",16,208
"CA-AU","1986-90",27,37
"CA-AU","1991-95",25,52
"CA-AU","1996-00",67,48
"CA-AU","2001-05",83,53
"CA-AU","2006-10",81,67
"CA-AU","2011-15",83,79
"CA-BE","1986-90",5,102
"CA-BE","1991-95",10,94
"CA-BE","1996-00",12,135
"CA-BE","2001-05",31,98
"CA-BE","2006-10",28,130
"CA-BE","2011-15",26,152
"CA-BG","1996-00",1,409
"CA-BG","2001-05",1,562
"CA-BG","2006-10",2,513
"CA-BG","2011-15",4,425
"CA-BM","2006-10",1,641
"CA-BR","1986-90",2,197
"CA-BR","1991-95",1,343
"CA-BR","2001-05",4,274
"CA-BR","2006-10",2,453
"CA-BR","2011-15",5,361
"CA-BS","2001-05",1,443
"CA-BS","2011-15",2,517
"CA-BY","2001-05",1,441
"CA-CA","1986-90",0,355
"CA-CA","1991-95",0,433
"CA-CA","1996-00",0,610
"CA-CA","2001-05",0,658
"CA-CA","2006-10",0,793
"CA-CA","2011-15",0,861
"CH-AE","2001-05",3,315
"CH-AE","2006-10",1,600
"CH-AR","1996-00",5,225
"CH-AR","2001-05",1,477
"CH-AR","2006-10",1,557
"CH-AT","1986-90",16,47
"CH-AT","1991-95",13,81
"CH-AT","1996-00",38,67
"CH-AT","2001-05",50,74
"CH-AT","2006-10",80,69
"CH-AT","2011-15",84,78
"CH-AU","1986-90",6,87
"CH-AU","1991-95",6,138
"CH-AU","1996-00",9,160
"CH-AU","2001-05",3,309
"CH-AU","2006-10",20,153
"CH-AU","2011-15",24,157
"CH-BE","1986-90",4,120
"CH-BE","1991-95",6,139
"CH-BE","1996-00",9,159
"CH-BE","2001-05",20,120
"CH-BE","2006-10",15,176
"CH-BE","2011-15",28,146
"CH-BG","1986-90",1,309
"CH-BG","1996-00",1,413
"CH-BG","2001-05",2,370
"CH-BR","2001-05",3,326
"CH-BR","2006-10",2,456
"CH-BR","2011-15",1,601
"CH-BS","1991-95",9,102
"CH-BS","2001-05",3,304
"CH-CA","1986-90",14,54
"CH-CA","1991-95",10,93
"CH-CA","1996-00",34,73
"CH-CA","2001-05",38,89
"CH-CA","2006-10",53,92
"CH-CA","2011-15",55,103
"CH-CH","1986-90",0,334
"CH-CH","1991-95",0,404
"CH-CH","1996-00",0,563
"CH-CH","2001-05",0,650
"CH-CH","2006-10",0,811
"CH-CH","2011-15",0,831
"CL-AR","2006-10",1,597
"CL-BE","1991-95",1,270
"CL-BR","1996-00",1,389
"CL-BR","2006-10",2,423
"CL-CH","2011-15",2,575
"CL-CL","1986-90",0,313
"CL-CL","1991-95",0,423
"CL-CL","1996-00",0,592
"CL-CL","2001-05",0,649
"CL-CL","2006-10",0,751
"CL-CL","2011-15",0,835
"CM-CM","1996-00",0,544
"CM-CM","2006-10",0,781
"CM-CM","2011-15",0,879
"CN-AE","2001-05",1,462
"CN-AE","2011-15",1,695
"CN-AT","1996-00",1,396
"CN-AT","2006-10",6,283
"CN-AT","2011-15",20,177
"CN-AU","1991-95",2,213
"CN-AU","1996-00",6,214
"CN-AU","2001-05",22,113
"CN-AU","2006-10",80,68
"CN-AU","2011-15",191,50
"CN-BE","1991-95",1,372
"CN-BE","1996-00",1,393
"CN-BE","2001-05",9,190
"CN-BE","2006-10",17,167
"CN-BE","2011-15",53,106
"CN-BR","2001-05",2,355
"CN-BR","2006-10",3,365
"CN-BR","2011-15",2,504
"CN-BS","2001-05",1,436
"CN-CA","1991-95",6,131
"CN-CA","1996-00",27,80
"CN-CA","2001-05",161,37
"CN-CA","2006-10",641,18
"CN-CA","2011-15",1185,13
"CN-CH","1986-90",5,99
"CN-CH","1991-95",2,211
"CN-CH","1996-00",23,87
"CN-CH","2001-05",56,66
"CN-CH","2006-10",94,63
"CN-CH","2011-15",152,55
"CN-CM","2006-10",1,621
"CN-CM","2011-15",3,449
"CN-CN","1986-90",0,315
"CN-CN","1991-95",0,467
"CN-CN","1996-00",0,601
"CN-CN","2001-05",0,651
"CN-CN","2006-10",0,827
"CN-CN","2011-15",0,852
"CO-AU","2006-10",2,443
"CO-CA","2001-05",1,482
"CO-CA","2006-10",1,530
"CO-CA","2011-15",1,814
"CO-CN","2011-15",1,725
"CO-CO","1986-90",0,333
"CO-CO","1991-95",0,429
"CO-CO","1996-00",0,602
"CO-CO","2001-05",0,626
"CO-CO","2006-10",0,753
"CO-CO","2011-15",0,840
"CR-AT","2011-15",5,365
"CR-CA","2006-10",1,540
"CR-CA","2011-15",1,593
"CR-CR","1996-00",0,553
"CR-CR","2001-05",0,611
"CR-CR","2006-10",0,821
"CR-CR","2011-15",0,890
"CU-CU","1986-90",0,370
"CU-CU","1991-95",0,447
"CU-CU","1996-00",0,542
"CU-CU","2001-05",0,628
"CU-CU","2006-10",0,767
"CU-CU","2011-15",0,903
"CY-CA","2001-05",3,338
"CY-CA","2006-10",1,567
"CY-CA","2011-15",1,732
"CY-CH","1991-95",1,305
"CY-CH","2001-05",1,434
"CY-CN","2011-15",1,818
"CY-CY","2006-10",0,779
"CY-CY","2011-15",0,886
"CZ-AT","1986-90",1,258
"CZ-AT","1991-95",1,347
"CZ-AT","1996-00",1,404
"CZ-AT","2006-10",1,627
"CZ-AT","2011-15",2,553
"CZ-AU","2011-15",1,776
"CZ-BE","2011-15",1,607
"CZ-CA","1991-95",1,298
"CZ-CA","2001-05",4,278
"CZ-CA","2006-10",1,606
"CZ-CA","2011-15",4,389
"CZ-CH","1991-95",1,387
"CZ-CH","1996-00",3,275
"CZ-CH","2001-05",2,406
"CZ-CH","2006-10",5,313
"CZ-CH","2011-15",6,337
"CZ-CZ","1986-90",0,364
"CZ-CZ","1991-95",0,460
"CZ-CZ","1996-00",0,545
"CZ-CZ","2001-05",0,652
"CZ-CZ","2006-10",0,749
"CZ-CZ","2011-15",0,855
"DE-AE","2006-10",2,469
"DE-AE","2011-15",4,388
"DE-AR","2006-10",1,677
"DE-AR","2011-15",1,801
"DE-AT","1986-90",241,6
"DE-AT","1991-95",280,10
"DE-AT","1996-00",447,12
"DE-AT","2001-05",618,14
"DE-AT","2006-10",778,15
"DE-AT","2011-15",756,22
"DE-AU","1986-90",8,79
"DE-AU","1991-95",31,46
"DE-AU","1996-00",42,61
"DE-AU","2001-05",57,65
"DE-AU","2006-10",67,76
"DE-AU","2011-15",79,81
"DE-BE","1986-90",41,29
"DE-BE","1991-95",66,29
"DE-BE","1996-00",111,37
"DE-BE","2001-05",138,42
"DE-BE","2006-10",152,50
"DE-BE","2011-15",132,60
"DE-BG","1991-95",1,296
"DE-BG","1996-00",2,307
"DE-BG","2006-10",6,288
"DE-BG","2011-15",6,341
"DE-BR","1986-90",14,53
"DE-BR","1991-95",8,106
"DE-BR","1996-00",15,119
"DE-BR","2001-05",12,165
"DE-BR","2006-10",19,159
"DE-BR","2011-15",18,195
"DE-BS","2001-05",1,458
"DE-CA","1986-90",62,21
"DE-CA","1991-95",62,30
"DE-CA","1996-00",126,32
"DE-CA","2001-05",186,31
"DE-CA","2006-10",170,46
"DE-CA","2011-15",218,45
"DE-CH","1986-90",427,5
"DE-CH","1991-95",482,5
"DE-CH","1996-00",768,7
"DE-CH","2001-05",858,10
"DE-CH","2006-10",1023,13
"DE-CH","2011-15",1054,15
"DE-CL","1986-90",1,310
"DE-CL","2006-10",4,338
"DE-CM","1991-95",1,289
"DE-CN","1986-90",1,286
"DE-CN","1991-95",9,99
"DE-CN","1996-00",30,77
"DE-CN","2001-05",81,56
"DE-CN","2006-10",227,36
"DE-CN","2011-15",440,27
"DE-CO","1986-90",1,297
"DE-CO","2011-15",1,672
"DE-CY","1996-00",1,364
"DE-CZ","1986-90",1,257
"DE-CZ","1996-00",16,107
"DE-CZ","2001-05",8,203
"DE-CZ","2006-10",6,271
"DE-CZ","2011-15",11,255
"DE-DE","1986-90",0,360
"DE-DE","1991-95",0,419
"DE-DE","1996-00",0,550
"DE-DE","2001-05",0,608
"DE-DE","2006-10",0,769
"DE-DE","2011-15",0,860
"DK-AR","1996-00",1,386
"DK-AT","1991-95",1,366
"DK-AT","1996-00",2,299
"DK-AT","2001-05",3,310
"DK-AT","2006-10",6,269
"DK-AT","2011-15",3,450
"DK-AU","1986-90",1,210
"DK-AU","1996-00",3,283
"DK-AU","2001-05",4,268
"DK-AU","2006-10",4,339
"DK-AU","2011-15",12,247
"DK-BE","1986-90",1,206
"DK-BE","1991-95",4,167
"DK-BE","1996-00",2,345
"DK-BE","2001-05",4,294
"DK-BE","2006-10",2,520
"DK-BE","2011-15",3,455
"DK-BR","2006-10",1,721
"DK-CA","1986-90",2,170
"DK-CA","1991-95",3,190
"DK-CA","1996-00",7,189
"DK-CA","2001-05",11,172
"DK-CA","2006-10",13,186
"DK-CA","2011-15",10,271
"DK-CH","1986-90",2,190
"DK-CH","1991-95",8,115
"DK-CH","1996-00",9,167
"DK-CH","2001-05",7,214
"DK-CH","2006-10",11,206
"DK-CH","2011-15",11,254
"DK-CN","2001-05",4,298
"DK-CN","2006-10",5,311
"DK-CN","2011-15",28,145
"DK-CZ","2001-05",1,447
"DK-DE","1986-90",11,65
"DK-DE","1991-95",24,56
"DK-DE","1996-00",48,58
"DK-DE","2001-05",77,57
"DK-DE","2006-10",96,62
"DK-DE","2011-15",78,82
"DK-DK","1986-90",0,351
"DK-DK","1991-95",0,443
"DK-DK","1996-00",0,609
"DK-DK","2001-05",0,647
"DK-DK","2006-10",0,766
"DK-DK","2011-15",0,904
"DO-ES","1996-00",2,295
"DO-US","1986-90",1,200
"DO-US","1996-00",1,408
"DO-US","2006-10",1,724
"DZ-MY","2011-15",1,642
"DZ-US","2001-05",1,468
"EC-ES","2001-05",1,558
"EC-MX","2011-15",1,604
"EC-US","1986-90",1,263
"EC-US","1991-95",2,220
"EC-US","2006-10",2,444
"EC-US","2011-15",3,443
"EC-VE","1986-90",2,163
"EC-VE","2006-10",1,620
"EE-AU","2006-10",1,538
"EE-CA","2011-15",1,783
"EE-EE","1991-95",0,455
"EE-EE","1996-00",0,603
"EE-EE","2001-05",0,681
"EE-EE","2006-10",0,748
"EE-EE","2011-15",0,846
"EG-BG","2011-15",1,777
"EG-CA","2006-10",6,286
"EG-CA","2011-15",6,352
"EG-CN","2006-10",1,723
"EG-EG","1986-90",0,323
"EG-EG","1991-95",0,403
"EG-EG","1996-00",0,591
"EG-EG","2001-05",0,633
"EG-EG","2006-10",0,776
"EG-EG","2011-15",0,873
"ES-AE","2011-15",1,785
"ES-AR","2001-05",1,582
"ES-AR","2006-10",2,462
"ES-AR","2011-15",2,515
"ES-AT","2001-05",2,396
"ES-AT","2006-10",2,460
"ES-AT","2011-15",3,454
"ES-AU","1991-95",2,260
"ES-AU","1996-00",1,481
"ES-AU","2001-05",2,348
"ES-AU","2006-10",2,473
"ES-AU","2011-15",1,671
"ES-BE","1986-90",1,204
"ES-BE","1991-95",1,311
"ES-BE","1996-00",2,350
"ES-BE","2001-05",3,321
"ES-BE","2006-10",5,298
"ES-BE","2011-15",8,304
"ES-BG","1991-95",1,349
"ES-BR","1986-90",4,116
"ES-BR","1991-95",1,278
"ES-BR","1996-00",2,297
"ES-BR","2001-05",2,428
"ES-BR","2006-10",3,371
"ES-BR","2011-15",13,233
"ES-CA","1991-95",2,250
"ES-CA","1996-00",4,234
"ES-CA","2001-05",4,280
"ES-CA","2006-10",9,223
"ES-CA","2011-15",5,373
"ES-CH","1986-90",1,256
"ES-CH","1991-95",2,217
"ES-CH","1996-00",5,231
"ES-CH","2001-05",6,226
"ES-CH","2006-10",6,280
"ES-CH","2011-15",16,207
"ES-CL","2011-15",4,387
"ES-CN","2001-05",2,352
"ES-CN","2006-10",5,321
"ES-CN","2011-15",8,289
"ES-CO","2001-05",1,548
"ES-CO","2011-15",1,819
"ES-CU","2006-10",1,552
"ES-CU","2011-15",3,451
"ES-DE","1986-90",4,115
"ES-DE","1991-95",15,74
"ES-DE","1996-00",20,94
"ES-DE","2001-05",38,88
"ES-DE","2006-10",44,99
"ES-DE","2011-15",35,123
"ES-DK","1986-90",1,209
"ES-DK","1991-95",2,255
"ES-DK","2001-05",5,253
"ES-DK","2006-10",10,216
"ES-DK","2011-15",7,311
"ES-EG","2011-15",1,596
"ES-ES","1986-90",0,369
"ES-ES","1991-95",0,427
"ES-ES","1996-00",0,541
"ES-ES","2001-05",0,671
"ES-ES","2006-10",0,813
"ES-ES","2011-15",0,849
"ET-US","2006-10",1,556
"FI-AT","1996-00",1,385
"FI-AT","2001-05",3,314
"FI-AT","2006-10",3,359
"FI-AT","2011-15",12,243
"FI-AU","1986-90",2,185
"FI-AU","1991-95",1,283
"FI-AU","1996-00",1,394
"FI-AU","2001-05",1,500
"FI-AU","2006-10",5,322
"FI-AU","2011-15",5,369
"FI-BE","1986-90",1,301
"FI-BE","1991-95",1,277
"FI-BE","2001-05",4,293
"FI-BE","2006-10",3,388
"FI-BE","2011-15",3,466
"FI-CA","1991-95",4,154
"FI-CA","1996-00",3,257
"FI-CA","2001-05",5,247
"FI-CA","2006-10",4,352
"FI-CA","2011-15",13,231
"FI-CH","1986-90",6,86
"FI-CH","1991-95",1,368
"FI-CH","1996-00",1,521
"FI-CH","2001-05",7,219
"FI-CH","2006-10",11,210
"FI-CH","2011-15",20,180
"FI-CL","1996-00",1,447
"FI-CN","1991-95",1,334
"FI-CN","1996-00",5,216
"FI-CN","2001-05",20,122
"FI-CN","2006-10",48,95
"FI-CN","2011-15",60,100
"FI-DE","1986-90",2,167
"FI-DE","1991-95",3,179
"FI-DE","1996-00",16,112
"FI-DE","2001-05",41,85
"FI-DE","2006-10",30,125
"FI-DE","2011-15",43,113
"FI-DK","1991-95",4,175
"FI-DK","1996-00",2,284
"FI-DK","2001-05",7,210
"FI-DK","2006-10",5,320
"FI-DK","2011-15",1,662
"FI-EE","2006-10",2,458
"FI-EE","2011-15",4,407
"FI-ES","1996-00",10,151
"FI-ES","2001-05",9,200
"FI-ES","2006-10",4,329
"FI-ES","2011-15",1,683
"FI-FI","1986-90",0,328
"FI-FI","1991-95",0,448
"FI-FI","1996-00",0,540
"FI-FI","2001-05",0,616
"FI-FI","2006-10",0,794
"FI-FI","2011-15",0,828
"FK-FR","1991-95",1,396
"FK-FR","2006-10",1,536
"FR-AE","1996-00",1,425
"FR-AE","2001-05",1,508
"FR-AE","2006-10",2,414
"FR-AE","2011-15",3,431
"FR-AM","2006-10",1,574
"FR-AR","1996-00",2,292
"FR-AR","2001-05",2,377
"FR-AR","2006-10",7,256
"FR-AR","2011-15",3,462
"FR-AT","1986-90",2,186
"FR-AT","1991-95",2,264
"FR-AT","1996-00",8,172
"FR-AT","2001-05",9,193
"FR-AT","2006-10",7,250
"FR-AT","2011-15",8,287
"FR-AU","1986-90",11,64
"FR-AU","1991-95",12,86
"FR-AU","1996-00",20,93
"FR-AU","2001-05",42,82
"FR-AU","2006-10",30,123
"FR-AU","2011-15",31,134
"FR-BE","1986-90",44,25
"FR-BE","1991-95",80,24
"FR-BE","1996-00",111,36
"FR-BE","2001-05",125,44
"FR-BE","2006-10",144,52
"FR-BE","2011-15",124,63
"FR-BG","2001-05",2,432
"FR-BG","2006-10",2,485
"FR-BR","1986-90",3,131
"FR-BR","1991-95",1,300
"FR-BR","1996-00",5,219
"FR-BR","2001-05",9,192
"FR-BR","2006-10",12,195
"FR-BR","2011-15",11,251
"FR-BS","2006-10",1,625
"FR-CA","1986-90",105,13
"FR-CA","1991-95",134,16
"FR-CA","1996-00",337,15
"FR-CA","2001-05",321,22
"FR-CA","2006-10",361,26
"FR-CA","2011-15",326,32
"FR-CH","1986-90",71,18
"FR-CH","1991-95",88,21
"FR-CH","1996-00",181,24
"FR-CH","2001-05",197,30
"FR-CH","2006-10",282,29
"FR-CH","2011-15",293,38
"FR-CL","2001-05",1,513
"FR-CN","1991-95",6,125
"FR-CN","1996-00",8,178
"FR-CN","2001-05",31,96
"FR-CN","2006-10",61,82
"FR-CN","2011-15",99,74
"FR-CU","1986-90",2,158
"FR-CZ","1986-90",3,140
"FR-CZ","1991-95",1,367
"FR-CZ","2011-15",3,469
"FR-DE","1986-90",70,19
"FR-DE","1991-95",112,18
"FR-DE","1996-00",201,20
"FR-DE","2001-05",268,24
"FR-DE","2006-10",327,27
"FR-DE","2011-15",296,37
"FR-DK","1986-90",1,281
"FR-DK","1991-95",4,161
"FR-DK","1996-00",7,188
"FR-DK","2001-05",13,155
"FR-DK","2006-10",16,168
"FR-DK","2011-15",15,218
"FR-EE","2006-10",1,616
"FR-EG","2011-15",1,621
"FR-ES","1986-90",6,90
"FR-ES","1991-95",11,90
"FR-ES","1996-00",39,66
"FR-ES","2001-05",28,103
"FR-ES","2006-10",36,113
"FR-ES","2011-15",35,124
"FR-FI","1986-90",1,215
"FR-FI","1991-95",2,222
"FR-FI","1996-00",8,185
"FR-FI","2001-05",8,201
"FR-FI","2006-10",8,247
"FR-FI","2011-15",12,238
"FR-FR","1986-90",0,324
"FR-FR","1991-95",0,411
"FR-FR","1996-00",0,573
"FR-FR","2001-05",0,672
"FR-FR","2006-10",0,765
"FR-FR","2011-15",0,851
"GA-US","1986-90",3,148
"GA-US","1991-95",3,193
"GA-US","2011-15",2,582
"GB-AE","1996-00",3,280
"GB-AE","2001-05",1,589
"GB-AE","2006-10",2,424
"GB-AE","2011-15",7,329
"GB-AR","1991-95",1,331
"GB-AR","1996-00",7,195
"GB-AR","2001-05",2,401
"GB-AR","2011-15",1,618
"GB-AT","1986-90",1,306
"GB-AT","1991-95",2,227
"GB-AT","1996-00",9,162
"GB-AT","2001-05",7,215
"GB-AT","2006-10",10,220
"GB-AT","2011-15",25,154
"GB-AU","1986-90",66,20
"GB-AU","1991-95",68,27
"GB-AU","1996-00",158,26
"GB-AU","2001-05",181,33
"GB-AU","2006-10",209,39
"GB-AU","2011-15",241,41
"GB-BE","1986-90",15,52
"GB-BE","1991-95",23,59
"GB-BE","1996-00",48,57
"GB-BE","2001-05",55,67
"GB-BE","2006-10",39,105
"GB-BE","2011-15",29,142
"GB-BG","2006-10",3,379
"GB-BG","2011-15",3,432
"GB-BR","1986-90",1,298
"GB-BR","1996-00",3,272
"GB-BR","2001-05",1,435
"GB-BR","2006-10",3,404
"GB-BR","2011-15",8,299
"GB-BS","1996-00",2,296
"GB-BS","2011-15",1,628
"GB-CA","1986-90",113,12
"GB-CA","1991-95",137,15
"GB-CA","1996-00",287,16
"GB-CA","2001-05",356,19
"GB-CA","2006-10",374,25
"GB-CA","2011-15",420,28
"GB-CH","1986-90",22,42
"GB-CH","1991-95",25,53
"GB-CH","1996-00",56,53
"GB-CH","2001-05",83,55
"GB-CH","2006-10",100,60
"GB-CH","2011-15",124,62
"GB-CL","2006-10",1,679
"GB-CM","1996-00",2,337
"GB-CN","1991-95",4,159
"GB-CN","1996-00",10,157
"GB-CN","2001-05",49,75
"GB-CN","2006-10",202,41
"GB-CN","2011-15",314,33
"GB-CY","1996-00",2,286
"GB-CY","2006-10",1,601
"GB-CY","2011-15",3,438
"GB-CZ","2006-10",7,260
"GB-CZ","2011-15",5,367
"GB-DE","1986-90",25,39
"GB-DE","1991-95",82,23
"GB-DE","1996-00",182,23
"GB-DE","2001-05",226,26
"GB-DE","2006-10",240,33
"GB-DE","2011-15",311,34
"GB-DK","1986-90",3,135
"GB-DK","1991-95",4,158
"GB-DK","1996-00",21,91
"GB-DK","2001-05",24,108
"GB-DK","2006-10",18,160
"GB-DK","2011-15",34,126
"GB-EE","2011-15",1,722
"GB-EG","2006-10",1,658
"GB-ES","1986-90",1,255
"GB-ES","1991-95",5,153
"GB-ES","1996-00",8,176
"GB-ES","2001-05",19,125
"GB-ES","2006-10",44,100
"GB-ES","2011-15",43,112
"GB-FI","1986-90",2,161
"GB-FI","1991-95",7,122
"GB-FI","1996-00",23,89
"GB-FI","2001-05",27,107
"GB-FI","2006-10",34,118
"GB-FI","2011-15",18,187
"GB-FR","1986-90",38,30
"GB-FR","1991-95",68,28
"GB-FR","1996-00",147,27
"GB-FR","2001-05",169,36
"GB-FR","2006-10",208,40
"GB-FR","2011-15",197,49
"GB-GB","1986-90",0,346
"GB-GB","1991-95",0,437
"GB-GB","1996-00",0,549
"GB-GB","2001-05",0,636
"GB-GB","2006-10",0,787
"GB-GB","2011-15",0,857
"GD-CN","2011-15",1,655
"GE-DE","2011-15",3,497
"GE-GE","1996-00",0,579
"GE-GE","2001-05",0,635
"GE-GE","2006-10",0,780
"GH-FI","2001-05",1,591
"GH-FI","2006-10",1,535
"GH-KR","1991-95",1,352
"GI-AU","2006-10",1,580
"GI-AU","2011-15",1,770
"GI-DE","1996-00",1,524
"GI-DE","2006-10",1,579
"GI-ES","2006-10",1,528
"GI-ES","2011-15",1,597
"GI-GB","1986-90",1,199
"GI-GB","2006-10",1,688
"GI-GI","2001-05",0,634
"GI-GI","2006-10",0,825
"GI-GI","2011-15",0,869
"GL-US","2006-10",1,525
"GN-BE","2011-15",1,734
"GR-AT","2011-15",1,635
"GR-AU","2006-10",1,526
"GR-AU","2011-15",1,614
"GR-BE","2001-05",4,275
"GR-BE","2006-10",2,478
"GR-CH","2001-05",1,527
"GR-CH","2011-15",1,800
"GR-CN","2006-10",2,426
"GR-CY","2006-10",1,537
"GR-DE","1986-90",1,249
"GR-DE","1996-00",4,236
"GR-DE","2001-05",2,350
"GR-DE","2006-10",3,363
"GR-DE","2011-15",5,376
"GR-ES","2006-10",2,422
"GR-ES","2011-15",1,813
"GR-FI","1996-00",3,281
"GR-FI","2001-05",2,423
"GR-FR","1991-95",1,302
"GR-FR","1996-00",3,253
"GR-FR","2011-15",2,516
"GR-GB","1996-00",2,338
"GR-GB","2001-05",5,246
"GR-GB","2006-10",9,224
"GR-GB","2011-15",6,334
"GR-GR","1986-90",0,368
"GR-GR","1991-95",0,431
"GR-GR","1996-00",0,596
"GR-GR","2001-05",0,625
"GR-GR","2006-10",0,752
"GR-GR","2011-15",0,832
"GT-GB","2011-15",1,668
"GT-US","1986-90",1,214
"GT-US","1996-00",2,346
"GT-US","2001-05",1,463
"GT-US","2006-10",1,542
"GT-US","2011-15",2,559
"GU-US","1996-00",2,330
"HK-AU","1986-90",2,169
"HK-AU","1991-95",1,282
"HK-AU","1996-00",6,215
"HK-AU","2001-05",7,213
"HK-AU","2006-10",7,265
"HK-AU","2011-15",10,272
"HK-BE","2006-10",2,434
"HK-CA","1986-90",2,173
"HK-CA","1991-95",8,105
"HK-CA","1996-00",13,126
"HK-CA","2001-05",12,159
"HK-CA","2006-10",21,148
"HK-CA","2011-15",26,151
"HK-CH","2001-05",1,584
"HK-CH","2006-10",2,498
"HK-CH","2011-15",2,527
"HK-CN","1986-90",6,89
"HK-CN","1991-95",17,69
"HK-CN","1996-00",94,41
"HK-CN","2001-05",544,16
"HK-CN","2006-10",891,14
"HK-CN","2011-15",1026,16
"HK-CY","2001-05",1,459
"HK-DE","1986-90",1,253
"HK-DE","1991-95",2,235
"HK-DE","1996-00",5,221
"HK-DE","2001-05",5,259
"HK-DE","2006-10",3,394
"HK-DE","2011-15",7,309
"HK-DK","2006-10",1,693
"HK-FI","2001-05",1,467
"HK-FI","2011-15",4,398
"HK-FR","1986-90",1,300
"HK-FR","1991-95",1,339
"HK-FR","1996-00",1,379
"HK-FR","2006-10",6,291
"HK-FR","2011-15",6,333
"HK-GB","1986-90",5,94
"HK-GB","1991-95",14,79
"HK-GB","1996-00",27,81
"HK-GB","2001-05",14,147
"HK-GB","2006-10",15,175
"HK-GB","2011-15",19,185
"HK-HK","1986-90",0,316
"HK-HK","1991-95",0,435
"HK-HK","1996-00",0,599
"HK-HK","2001-05",0,622
"HK-HK","2006-10",0,760
"HK-HK","2011-15",0,907
"HN-HU","1991-95",1,290
"HN-US","2001-05",1,565
"HN-US","2006-10",1,691
"HN-US","2011-15",1,599
"HR-AU","2001-05",1,457
"HR-CA","2001-05",1,515
"HR-GB","2001-05",1,605
"HR-GB","2006-10",2,511
"HR-GB","2011-15",5,368
"HR-HR","1991-95",0,438
"HR-HR","1996-00",0,614
"HR-HR","2001-05",0,673
"HR-HR","2006-10",0,764
"HR-HR","2011-15",0,836
"HU-AT","1991-95",1,312
"HU-AT","1996-00",1,494
"HU-AT","2006-10",1,640
"HU-AU","1996-00",1,458
"HU-AU","2006-10",1,560
"HU-BE","1991-95",2,234
"HU-BE","1996-00",2,325
"HU-BE","2001-05",1,446
"HU-BE","2006-10",1,596
"HU-CA","1986-90",1,304
"HU-CA","1991-95",2,223
"HU-CA","1996-00",1,520
"HU-CA","2001-05",6,232
"HU-CA","2006-10",6,270
"HU-CA","2011-15",1,711
"HU-CH","1986-90",3,155
"HU-CH","1991-95",1,291
"HU-CH","2001-05",1,518
"HU-CH","2011-15",2,503
"HU-DE","1986-90",5,97
"HU-DE","1991-95",5,145
"HU-DE","1996-00",4,240
"HU-DE","2001-05",4,272
"HU-DE","2006-10",10,217
"HU-DE","2011-15",14,222
"HU-FI","1996-00",1,455
"HU-FI","2001-05",10,181
"HU-FI","2006-10",2,436
"HU-FI","2011-15",5,371
"HU-FR","1986-90",1,208
"HU-FR","1996-00",1,370
"HU-FR","2001-05",4,271
"HU-FR","2006-10",4,327
"HU-FR","2011-15",2,501
"HU-GB","1986-90",1,240
"HU-GB","1991-95",2,240
"HU-GB","1996-00",5,223
"HU-GB","2001-05",4,295
"HU-GB","2006-10",2,519
"HU-GB","2011-15",4,428
"HU-HU","1986-90",0,314
"HU-HU","1991-95",0,417
"HU-HU","1996-00",0,583
"HU-HU","2001-05",0,631
"HU-HU","2006-10",0,822
"HU-HU","2011-15",0,844
"ID-AU","2011-15",1,661
"ID-DE","1996-00",2,331
"ID-DE","2001-05",2,395
"ID-DE","2011-15",2,557
"ID-DK","2006-10",5,303
"ID-DK","2011-15",1,796
"ID-FR","1991-95",1,279
"ID-GB","1986-90",1,228
"ID-GB","1996-00",2,304
"ID-GB","2006-10",3,411
"ID-GB","2011-15",1,636
"ID-ID","1991-95",0,407
"ID-ID","1996-00",0,546
"ID-ID","2001-05",0,639
"ID-ID","2006-10",0,775
"ID-ID","2011-15",0,829
"IE-AT","1996-00",1,470
"IE-AT","2006-10",3,386
"IE-AU","1991-95",1,357
"IE-AU","1996-00",12,134
"IE-AU","2001-05",14,150
"IE-AU","2006-10",39,107
"IE-AU","2011-15",34,127
"IE-BE","1996-00",1,419
"IE-BE","2001-05",2,425
"IE-BE","2006-10",3,376
"IE-BE","2011-15",3,496
"IE-BM","2001-05",1,567
"IE-BR","2006-10",2,522
"IE-CA","1986-90",1,267
"IE-CA","1991-95",2,214
"IE-CA","1996-00",16,110
"IE-CA","2001-05",12,161
"IE-CA","2006-10",25,137
"IE-CA","2011-15",38,117
"IE-CH","1996-00",3,252
"IE-CH","2001-05",5,260
"IE-CH","2006-10",8,241
"IE-CH","2011-15",10,275
"IE-CN","2006-10",3,369
"IE-CN","2011-15",18,190
"IE-DE","1986-90",2,181
"IE-DE","1991-95",4,165
"IE-DE","1996-00",9,170
"IE-DE","2001-05",14,151
"IE-DE","2006-10",26,135
"IE-DE","2011-15",22,167
"IE-DK","1986-90",1,203
"IE-DK","1991-95",1,390
"IE-DK","2001-05",6,231
"IE-DK","2011-15",2,523
"IE-EE","2006-10",8,239
"IE-EG","2011-15",3,485
"IE-ES","1991-95",1,295
"IE-ES","2001-05",1,555
"IE-ES","2006-10",2,491
"IE-ES","2011-15",9,285
"IE-FI","2001-05",3,302
"IE-FI","2011-15",4,408
"IE-FR","1986-90",2,191
"IE-FR","1991-95",1,307
"IE-FR","1996-00",5,227
"IE-FR","2001-05",7,225
"IE-FR","2006-10",12,198
"IE-FR","2011-15",21,168
"IE-GB","1986-90",24,40
"IE-GB","1991-95",22,61
"IE-GB","1996-00",70,47
"IE-GB","2001-05",92,50
"IE-GB","2006-10",168,47
"IE-GB","2011-15",176,52
"IE-GR","2001-05",1,568
"IE-HK","2001-05",2,366
"IE-HK","2006-10",1,603
"IE-ID","1996-00",1,528
"IE-ID","2011-15",1,790
"IE-IE","1986-90",0,349
"IE-IE","1991-95",0,402
"IE-IE","1996-00",0,564
"IE-IE","2001-05",0,676
"IE-IE","2006-10",0,809
"IE-IE","2011-15",0,888
"IL-AM","2006-10",1,675
"IL-AR","2001-05",1,476
"IL-AR","2006-10",2,503
"IL-AT","1996-00",2,290
"IL-AT","2001-05",2,356
"IL-AT","2006-10",5,296
"IL-AT","2011-15",5,372
"IL-AU","1991-95",1,332
"IL-AU","1996-00",3,271
"IL-AU","2001-05",10,177
"IL-AU","2006-10",7,254
"IL-AU","2011-15",15,215
"IL-BE","1991-95",3,187
"IL-BE","1996-00",1,372
"IL-BE","2001-05",5,254
"IL-BE","2006-10",9,230
"IL-BE","2011-15",10,269
"IL-BG","2011-15",1,723
"IL-CA","1986-90",4,118
"IL-CA","1991-95",24,54
"IL-CA","1996-00",15,117
"IL-CA","2001-05",23,110
"IL-CA","2006-10",38,109
"IL-CA","2011-15",50,108
"IL-CH","1986-90",1,238
"IL-CH","1996-00",6,201
"IL-CH","2001-05",6,235
"IL-CH","2006-10",15,173
"IL-CH","2011-15",14,228
"IL-CL","2011-15",1,817
"IL-CN","1991-95",2,228
"IL-CN","1996-00",2,310
"IL-CN","2001-05",2,397
"IL-CN","2006-10",6,285
"IL-CN","2011-15",11,262
"IL-CZ","2006-10",1,591
"IL-CZ","2011-15",5,370
"IL-DE","1986-90",1,274
"IL-DE","1991-95",6,132
"IL-DE","1996-00",6,203
"IL-DE","2001-05",10,187
"IL-DE","2006-10",28,131
"IL-DE","2011-15",65,95
"IL-DK","1986-90",1,230
"IL-DK","1996-00",1,421
"IL-DK","2001-05",1,455
"IL-DK","2006-10",3,381
"IL-ES","1991-95",1,301
"IL-ES","1996-00",3,266
"IL-ES","2006-10",2,425
"IL-ES","2011-15",9,278
"IL-FI","2011-15",4,399
"IL-FR","1986-90",3,144
"IL-FR","1991-95",7,124
"IL-FR","1996-00",14,124
"IL-FR","2001-05",19,126
"IL-FR","2006-10",21,151
"IL-FR","2011-15",26,153
"IL-GB","1986-90",10,67
"IL-GB","1991-95",8,114
"IL-GB","1996-00",15,118
"IL-GB","2001-05",28,104
"IL-GB","2006-10",30,127
"IL-GB","2011-15",40,116
"IL-HK","1996-00",2,329
"IL-HK","2001-05",1,535
"IL-HK","2006-10",3,412
"IL-HK","2011-15",2,592
"IL-HU","1986-90",1,303
"IL-HU","2001-05",2,368
"IL-HU","2006-10",1,586
"IL-HU","2011-15",1,771
"IL-ID","2006-10",2,468
"IL-IE","1991-95",3,202
"IL-IE","1996-00",13,125
"IL-IE","2001-05",12,163
"IL-IE","2006-10",6,282
"IL-IE","2011-15",18,193
"IL-IL","1986-90",0,356
"IL-IL","1991-95",0,428
"IL-IL","1996-00",0,567
"IL-IL","2001-05",0,643
"IL-IL","2006-10",0,797
"IL-IL","2011-15",0,909
"IM-CN","2011-15",1,717
"IM-GB","1986-90",1,302
"IM-GB","2001-05",5,252
"IM-GB","2006-10",7,267
"IM-GB","2011-15",3,477
"IM-US","2001-05",1,534
"IN-AE","2006-10",2,445
"IN-AE","2011-15",1,694
"IN-AT","2006-10",4,331
"IN-AT","2011-15",3,489
"IN-AU","1996-00",8,181
"IN-AU","2001-05",8,209
"IN-AU","2006-10",10,219
"IN-AU","2011-15",21,172
"IN-BD","2006-10",1,588
"IN-BE","2001-05",1,485
"IN-BE","2006-10",5,308
"IN-BE","2011-15",15,209
"IN-BR","1986-90",1,254
"IN-BR","2006-10",1,609
"IN-CA","1986-90",1,276
"IN-CA","1991-95",1,308
"IN-CA","1996-00",5,224
"IN-CA","2001-05",17,138
"IN-CA","2006-10",57,85
"IN-CA","2011-15",115,68
"IN-CH","1986-90",3,137
"IN-CH","1996-00",2,327
"IN-CH","2001-05",4,270
"IN-CH","2006-10",20,154
"IN-CH","2011-15",15,211
"IN-CN","2001-05",2,382
"IN-CN","2006-10",3,397
"IN-CN","2011-15",17,198
"IN-CU","2001-05",1,551
"IN-CY","2006-10",1,711
"IN-DE","1986-90",4,117
"IN-DE","1991-95",2,224
"IN-DE","1996-00",6,207
"IN-DE","2001-05",9,195
"IN-DE","2006-10",31,122
"IN-DE","2011-15",76,85
"IN-DK","2011-15",7,310
"IN-ES","2011-15",3,440
"IN-FI","1996-00",1,432
"IN-FI","2001-05",3,303
"IN-FI","2006-10",8,236
"IN-FI","2011-15",12,244
"IN-FR","1986-90",1,222
"IN-FR","1991-95",2,216
"IN-FR","1996-00",3,263
"IN-FR","2001-05",3,316
"IN-FR","2006-10",7,251
"IN-FR","2011-15",21,170
"IN-GB","1986-90",1,236
"IN-GB","1991-95",3,192
"IN-GB","1996-00",7,187
"IN-GB","2001-05",12,166
"IN-GB","2006-10",32,120
"IN-GB","2011-15",96,75
"IN-HK","2001-05",1,505
"IN-HK","2006-10",2,515
"IN-HK","2011-15",7,322
"IN-ID","2011-15",2,518
"IN-IE","1996-00",1,440
"IN-IE","2006-10",3,407
"IN-IE","2011-15",9,284
"IN-IL","2006-10",4,347
"IN-IL","2011-15",7,325
"IN-IN","1986-90",0,354
"IN-IN","1991-95",0,434
"IN-IN","1996-00",0,597
"IN-IN","2001-05",0,662
"IN-IN","2006-10",0,795
"IN-IN","2011-15",0,883
"IO-US","2001-05",1,578
"IQ-NZ","2011-15",1,815
"IR-CA","1991-95",2,210
"IR-CA","2006-10",1,590
"IR-CA","2011-15",3,486
"IR-DK","2011-15",1,768
"IR-FR","1986-90",1,212
"IR-FR","1996-00",1,496
"IR-FR","2011-15",1,775
"IR-GB","2011-15",1,687
"IR-IE","1986-90",1,261
"IR-IE","1991-95",4,172
"IR-IE","1996-00",2,318
"IR-IE","2001-05",21,119
"IR-IE","2006-10",5,307
"IR-IE","2011-15",6,349
"IR-IL","1991-95",1,346
"IR-IL","1996-00",1,363
"IR-IL","2006-10",2,499
"IR-IL","2011-15",8,300
"IR-IR","2001-05",0,682
"IR-IR","2006-10",0,768
"IR-IR","2011-15",0,824
"IS-CA","1991-95",1,317
"IS-CA","2006-10",2,447
"IS-CA","2011-15",2,507
"IS-DE","2006-10",3,406
"IS-DE","2011-15",6,343
"IS-DK","2006-10",1,650
"IS-GB","2001-05",2,409
"IS-GB","2006-10",1,626
"IS-IE","1986-90",3,134
"IS-IE","1996-00",6,204
"IS-IE","2001-05",2,419
"IS-IE","2011-15",2,533
"IS-IL","2011-15",1,688
"IS-IS","1986-90",0,338
"IS-IS","1991-95",0,465
"IS-IS","1996-00",0,539
"IS-IS","2001-05",0,612
"IS-IS","2006-10",0,791
"IS-IS","2011-15",0,866
"IT-AR","1991-95",1,294
"IT-AR","2006-10",5,314
"IT-AR","2011-15",1,754
"IT-AT","1986-90",2,198
"IT-AT","1991-95",2,212
"IT-AT","1996-00",10,156
"IT-AT","2001-05",6,236
"IT-AT","2006-10",11,200
"IT-AT","2011-15",36,122
"IT-AU","1996-00",5,222
"IT-AU","2001-05",10,179
"IT-AU","2006-10",9,226
"IT-AU","2011-15",10,267
"IT-BE","1986-90",3,139
"IT-BE","1991-95",8,113
"IT-BE","1996-00",14,123
"IT-BE","2001-05",7,222
"IT-BE","2006-10",9,228
"IT-BE","2011-15",13,234
"IT-BR","1986-90",1,241
"IT-BR","1996-00",3,268
"IT-BR","2001-05",9,189
"IT-BR","2006-10",6,274
"IT-BR","2011-15",13,236
"IT-CA","1986-90",2,162
"IT-CA","1991-95",6,134
"IT-CA","1996-00",11,143
"IT-CA","2001-05",10,176
"IT-CA","2006-10",18,161
"IT-CA","2011-15",11,253
"IT-CH","1986-90",29,35
"IT-CH","1991-95",41,40
"IT-CH","1996-00",41,62
"IT-CH","2001-05",55,69
"IT-CH","2006-10",101,59
"IT-CH","2011-15",121,65
"IT-CL","2006-10",1,678
"IT-CN","1986-90",1,217
"IT-CN","1991-95",1,327
"IT-CN","1996-00",3,278
"IT-CN","2001-05",3,335
"IT-CN","2006-10",13,185
"IT-CN","2011-15",12,239
"IT-CZ","2006-10",1,524
"IT-DE","1986-90",14,56
"IT-DE","1991-95",23,57
"IT-DE","1996-00",39,65
"IT-DE","2001-05",70,58
"IT-DE","2006-10",77,72
"IT-DE","2011-15",119,67
"IT-DK","1996-00",3,254
"IT-DK","2001-05",1,541
"IT-DK","2006-10",3,408
"IT-DK","2011-15",4,402
"IT-EG","2006-10",1,645
"IT-ES","1991-95",4,169
"IT-ES","1996-00",9,161
"IT-ES","2001-05",16,142
"IT-ES","2006-10",21,145
"IT-ES","2011-15",21,171
"IT-FI","1986-90",1,311
"IT-FI","1996-00",4,233
"IT-FI","2001-05",10,186
"IT-FI","2006-10",9,227
"IT-FI","2011-15",9,279
"IT-FR","1986-90",23,41
"IT-FR","1991-95",22,63
"IT-FR","1996-00",54,54
"IT-FR","2001-05",47,79
"IT-FR","2006-10",54,89
"IT-FR","2011-15",61,98
"IT-GB","1986-90",8,77
"IT-GB","1991-95",17,66
"IT-GB","1996-00",60,52
"IT-GB","2001-05",59,61
"IT-GB","2006-10",66,78
"IT-GB","2011-15",73,90
"IT-GR","1991-95",1,328
"IT-HK","2001-05",1,450
"IT-HK","2011-15",2,539
"IT-HU","1991-95",3,180
"IT-HU","1996-00",2,358
"IT-HU","2006-10",2,477
"IT-ID","2011-15",1,634
"IT-IE","1991-95",1,362
"IT-IE","1996-00",1,457
"IT-IE","2001-05",3,337
"IT-IE","2006-10",2,514
"IT-IE","2011-15",6,350
"IT-IL","1986-90",10,69
"IT-IL","1991-95",12,85
"IT-IL","1996-00",15,120
"IT-IL","2001-05",16,143
"IT-IL","2006-10",25,138
"IT-IL","2011-15",20,176
"IT-IN","1996-00",1,468
"IT-IN","2006-10",6,281
"IT-IN","2011-15",2,588
"IT-IT","1986-90",0,326
"IT-IT","1991-95",0,461
"IT-IT","1996-00",0,611
"IT-IT","2001-05",0,638
"IT-IT","2006-10",0,807
"IT-IT","2011-15",0,871
"JE-GB","1991-95",1,345
"JE-GB","1996-00",1,445
"JE-GB","2011-15",4,405
"JE-JE","2006-10",0,762
"JE-JE","2011-15",0,880
"JM-CA","1991-95",1,276
"JM-GB","1991-95",1,303
"JM-GB","2006-10",1,576
"JM-JM","2011-15",0,870
"JO-CA","2006-10",2,451
"JO-CA","2011-15",5,364
"JO-DE","2001-05",1,493
"JO-ES","2006-10",1,584
"JO-FR","2001-05",1,538
"JO-JO","1996-00",0,552
"JO-JO","2001-05",0,644
"JO-JO","2006-10",0,808
"JO-JO","2011-15",0,839
"JP-AT","1986-90",1,264
"JP-AT","1991-95",1,306
"JP-AT","1996-00",3,276
"JP-AT","2001-05",5,257
"JP-AT","2006-10",2,430
"JP-AT","2011-15",6,346
"JP-AU","1986-90",11,63
"JP-AU","1991-95",8,107
"JP-AU","1996-00",15,116
"JP-AU","2001-05",12,158
"JP-AU","2006-10",45,97
"JP-AU","2011-15",40,115
"JP-BD","2006-10",1,527
"JP-BE","1986-90",11,62
"JP-BE","1991-95",8,109
"JP-BE","1996-00",19,101
"JP-BE","2001-05",37,90
"JP-BE","2006-10",69,74
"JP-BE","2011-15",51,107
"JP-BG","2001-05",1,439
"JP-BG","2006-10",3,403
"JP-BR","1991-95",3,189
"JP-BR","1996-00",6,212
"JP-BR","2001-05",8,207
"JP-BR","2006-10",14,183
"JP-BR","2011-15",6,357
"JP-BS","2006-10",1,543
"JP-CA","1986-90",35,33
"JP-CA","1991-95",51,35
"JP-CA","1996-00",52,55
"JP-CA","2001-05",55,68
"JP-CA","2006-10",85,66
"JP-CA","2011-15",113,69
"JP-CH","1986-90",6,88
"JP-CH","1991-95",26,51
"JP-CH","1996-00",16,109
"JP-CH","2001-05",35,92
"JP-CH","2006-10",21,150
"JP-CH","2011-15",31,135
"JP-CL","2001-05",1,471
"JP-CL","2006-10",2,481
"JP-CN","1986-90",1,234
"JP-CN","1991-95",8,118
"JP-CN","1996-00",43,59
"JP-CN","2001-05",160,38
"JP-CN","2006-10",592,19
"JP-CN","2011-15",840,19
"JP-DE","1986-90",76,15
"JP-DE","1991-95",126,17
"JP-DE","1996-00",129,30
"JP-DE","2001-05",198,29
"JP-DE","2006-10",235,34
"JP-DE","2011-15",218,46
"JP-DK","1991-95",2,238
"JP-DK","1996-00",1,491
"JP-DK","2001-05",5,265
"JP-DK","2006-10",3,383
"JP-DK","2011-15",7,323
"JP-ES","1986-90",3,149
"JP-ES","1991-95",2,218
"JP-ES","1996-00",10,152
"JP-ES","2001-05",9,196
"JP-ES","2006-10",13,188
"JP-ES","2011-15",7,320
"JP-FI","1986-90",2,165
"JP-FI","1991-95",1,325
"JP-FI","1996-00",13,131
"JP-FI","2001-05",18,130
"JP-FI","2006-10",9,232
"JP-FI","2011-15",10,270
"JP-FR","1986-90",28,36
"JP-FR","1991-95",23,58
"JP-FR","1996-00",74,43
"JP-FR","2001-05",85,52
"JP-FR","2006-10",108,55
"JP-FR","2011-15",74,89
"JP-GB","1986-90",46,24
"JP-GB","1991-95",78,25
"JP-GB","1996-00",124,33
"JP-GB","2001-05",175,34
"JP-GB","2006-10",225,37
"JP-GB","2011-15",174,53
"JP-HK","1991-95",8,112
"JP-HK","1996-00",19,100
"JP-HK","2001-05",32,95
"JP-HK","2006-10",20,155
"JP-HK","2011-15",15,221
"JP-HU","1996-00",1,527
"JP-HU","2006-10",1,634
"JP-ID","1986-90",1,278
"JP-ID","1991-95",1,275
"JP-ID","1996-00",2,301
"JP-ID","2001-05",3,318
"JP-ID","2006-10",1,686
"JP-ID","2011-15",3,446
"JP-IE","1986-90",4,114
"JP-IE","1991-95",12,84
"JP-IE","1996-00",2,328
"JP-IE","2001-05",4,286
"JP-IE","2006-10",3,360
"JP-IE","2011-15",9,282
"JP-IL","1986-90",2,171
"JP-IL","1991-95",1,369
"JP-IL","2001-05",1,474
"JP-IL","2006-10",2,446
"JP-IL","2011-15",3,430
"JP-IN","1986-90",4,119
"JP-IN","1991-95",6,130
"JP-IN","1996-00",16,108
"JP-IN","2001-05",12,164
"JP-IN","2006-10",38,108
"JP-IN","2011-15",30,141
"JP-IT","1986-90",3,142
"JP-IT","1991-95",4,156
"JP-IT","1996-00",6,202
"JP-IT","2001-05",15,146
"JP-IT","2006-10",8,240
"JP-IT","2011-15",23,163
"JP-JO","1996-00",1,416
"JP-JO","2006-10",1,546
"JP-JP","1986-90",0,345
"JP-JP","1991-95",0,406
"JP-JP","1996-00",0,557
"JP-JP","2001-05",0,657
"JP-JP","2006-10",0,804
"JP-JP","2011-15",0,845
"KE-CA","2011-15",2,555
"KE-CZ","2001-05",1,453
"KE-DE","1996-00",1,367
"KE-IN","2011-15",1,680
"KE-JP","1991-95",1,354
"KE-KE","2001-05",0,609
"KE-KE","2006-10",0,786
"KE-KE","2011-15",0,901
"KI-AU","2011-15",1,622
"KI-TW","2001-05",1,494
"KI-US","1986-90",1,237
"KI-US","1991-95",2,231
"KN-US","1986-90",4,123
"KN-US","1991-95",1,383
"KN-US","2006-10",1,681
"KN-US","2011-15",1,808
"KP-JP","2006-10",1,697
"KP-KR","1991-95",2,230
"KP-KR","1996-00",2,316
"KP-KR","2001-05",2,421
"KP-KR","2006-10",2,452
"KP-KR","2011-15",1,606
"KR-AE","2011-15",2,540
"KR-AT","2001-05",5,255
"KR-AT","2011-15",22,164
"KR-AU","1991-95",1,342
"KR-AU","1996-00",1,365
"KR-AU","2001-05",3,320
"KR-AU","2006-10",9,229
"KR-AU","2011-15",7,307
"KR-BE","2001-05",4,287
"KR-BE","2006-10",8,238
"KR-BE","2011-15",24,158
"KR-BR","2001-05",1,465
"KR-BR","2011-15",2,578
"KR-CA","1991-95",2,252
"KR-CA","1996-00",23,88
"KR-CA","2001-05",41,84
"KR-CA","2006-10",98,61
"KR-CA","2011-15",149,56
"KR-CH","2001-05",6,230
"KR-CH","2006-10",2,497
"KR-CH","2011-15",13,232
"KR-CN","1986-90",1,283
"KR-CN","1991-95",2,266
"KR-CN","1996-00",24,86
"KR-CN","2001-05",67,59
"KR-CN","2006-10",212,38
"KR-CN","2011-15",507,25
"KR-CO","2011-15",2,531
"KR-CZ","2011-15",1,699
"KR-DE","1986-90",1,213
"KR-DE","1991-95",8,104
"KR-DE","1996-00",13,130
"KR-DE","2001-05",18,134
"KR-DE","2006-10",50,94
"KR-DE","2011-15",53,105
"KR-DK","2001-05",2,389
"KR-DK","2006-10",2,441
"KR-DK","2011-15",4,413
"KR-FI","1996-00",3,270
"KR-FI","2001-05",1,556
"KR-FI","2006-10",3,358
"KR-FI","2011-15",3,456
"KR-FR","1996-00",1,452
"KR-FR","2001-05",3,331
"KR-FR","2006-10",14,180
"KR-FR","2011-15",16,203
"KR-GB","1986-90",2,159
"KR-GB","1991-95",1,379
"KR-GB","1996-00",8,186
"KR-GB","2001-05",18,132
"KR-GB","2006-10",35,117
"KR-GB","2011-15",31,136
"KR-GR","2011-15",1,697
"KR-HK","1996-00",3,269
"KR-HK","2001-05",10,182
"KR-HK","2011-15",14,226
"KR-IE","2006-10",2,457
"KR-IE","2011-15",4,415
"KR-IL","2001-05",2,383
"KR-IL","2006-10",1,655
"KR-IL","2011-15",11,258
"KR-IN","1996-00",3,273
"KR-IN","2001-05",19,127
"KR-IN","2006-10",21,147
"KR-IN","2011-15",75,86
"KR-IT","1996-00",1,414
"KR-IT","2006-10",1,629
"KR-IT","2011-15",3,475
"KR-JP","1986-90",1,233
"KR-JP","1991-95",27,50
"KR-JP","1996-00",164,25
"KR-JP","2001-05",347,20
"KR-JP","2006-10",481,20
"KR-JP","2011-15",768,21
"KR-KE","2001-05",4,296
"KR-KE","2006-10",5,305
"KR-KE","2011-15",6,339
"KR-KR","1986-90",0,321
"KR-KR","1991-95",0,450
"KR-KR","1996-00",0,566
"KR-KR","2001-05",0,617
"KR-KR","2006-10",0,802
"KR-KR","2011-15",0,868
"KS-KR","1986-90",4,110
"KS-KR","2001-05",1,583
"KS-KR","2006-10",5,306
"KS-KR","2011-15",8,298
"KW-AE","2006-10",1,547
"KW-CH","1986-90",1,220
"KW-EG","2006-10",3,375
"KW-ES","1991-95",2,226
"KW-ES","2011-15",1,809
"KW-FR","2011-15",1,674
"KW-IL","1996-00",1,397
"KW-JP","1996-00",2,334
"KW-JP","2006-10",1,534
"KW-KW","1996-00",0,584
"KW-KW","2006-10",0,770
"KW-KW","2011-15",0,874
"KY-CA","2006-10",1,708
"KY-CN","2011-15",8,293
"KY-FR","1996-00",6,205
"KY-KR","2011-15",3,467
"KY-KY","1991-95",0,444
"KY-KY","1996-00",0,605
"KY-KY","2001-05",0,666
"KY-KY","2006-10",0,773
"KY-KY","2011-15",0,826
"KZ-DE","2011-15",2,583
"KZ-GB","2011-15",1,667
"KZ-KZ","1996-00",0,572
"LA-US","1986-90",1,248
"LB-CA","1996-00",1,523
"LB-FR","1991-95",1,273
"LB-FR","1996-00",2,341
"LB-FR","2006-10",4,349
"LB-GB","2001-05",1,592
"LB-JP","1996-00",1,435
"LB-KW","2006-10",1,577
"LB-LB","1991-95",0,421
"LB-LB","1996-00",0,580
"LB-LB","2001-05",0,614
"LB-LB","2006-10",0,820
"LB-LB","2011-15",0,834
"LI-AR","2006-10",1,682
"LI-AT","1996-00",4,242
"LI-AT","2001-05",2,417
"LI-AT","2011-15",6,344
"LI-CH","1986-90",5,93
"LI-CH","1991-95",3,184
"LI-CH","1996-00",2,291
"LI-CH","2001-05",4,279
"LI-CH","2006-10",7,253
"LI-CH","2011-15",2,576
"LI-CN","2006-10",1,705
"LI-DE","1986-90",6,91
"LI-DE","1991-95",13,82
"LI-DE","1996-00",19,96
"LI-DE","2001-05",15,145
"LI-DE","2006-10",6,275
"LI-DE","2011-15",8,305
"LI-FR","1991-95",1,316
"LI-FR","1996-00",1,410
"LI-IT","2006-10",1,662
"LI-LI","1986-90",0,327
"LI-LI","1991-95",0,418
"LI-LI","1996-00",0,588
"LI-LI","2001-05",0,664
"LI-LI","2006-10",0,826
"LI-LI","2011-15",0,853
"LK-CA","1996-00",1,514
"LK-CA","2006-10",1,732
"LK-DE","2011-15",1,704
"LK-GB","2001-05",1,491
"LK-JP","2001-05",1,460
"LK-LK","1996-00",0,607
"LK-LK","2001-05",0,645
"LK-LK","2006-10",0,806
"LK-LK","2011-15",0,863
"LR-JP","1991-95",1,397
"LT-DE","2001-05",2,418
"LT-DE","2011-15",2,513
"LT-JP","1991-95",1,348
"LT-LT","1991-95",0,464
"LT-LT","1996-00",0,558
"LT-LT","2001-05",0,620
"LT-LT","2006-10",0,774
"LT-LT","2011-15",0,856
"LU-BE","1996-00",6,209
"LU-BE","2001-05",8,206
"LU-BE","2006-10",7,268
"LU-BE","2011-15",2,498
"LU-BR","1996-00",1,441
"LU-CA","1986-90",1,205
"LU-CA","2001-05",2,411
"LU-CA","2011-15",2,509
"LU-CH","1986-90",1,305
"LU-CH","1991-95",8,111
"LU-CH","1996-00",2,336
"LU-CH","2001-05",5,262
"LU-CH","2006-10",12,193
"LU-CH","2011-15",11,259
"LU-DE","1986-90",3,147
"LU-DE","1991-95",9,97
"LU-DE","1996-00",8,175
"LU-DE","2001-05",4,290
"LU-DE","2006-10",11,203
"LU-DE","2011-15",9,281
"LU-DK","2001-05",2,362
"LU-DK","2006-10",1,622
"LU-DK","2011-15",3,458
"LU-ES","2006-10",1,544
"LU-FI","2001-05",1,570
"LU-FR","1991-95",2,225
"LU-FR","1996-00",5,220
"LU-FR","2001-05",5,264
"LU-FR","2006-10",5,315
"LU-GB","1996-00",2,356
"LU-GB","2001-05",1,529
"LU-GB","2006-10",1,653
"LU-GB","2011-15",1,658
"LU-IT","1996-00",4,232
"LU-IT","2001-05",3,342
"LU-IT","2006-10",2,484
"LU-IT","2011-15",3,444
"LU-JP","2001-05",7,223
"LU-JP","2006-10",2,461
"LU-LU","1986-90",0,336
"LU-LU","1991-95",0,416
"LU-LU","1996-00",0,604
"LU-LU","2001-05",0,656
"LU-LU","2006-10",0,754
"LU-LU","2011-15",0,830
"LV-IL","2006-10",2,512
"LV-LV","1986-90",0,337
"LV-LV","1991-95",0,432
"LV-LV","1996-00",0,562
"LV-LV","2001-05",0,646
"LV-LV","2006-10",0,778
"LV-LV","2011-15",0,841
"LY-GB","2006-10",1,656
"LY-LB","2006-10",1,636
"MA-BE","2001-05",1,499
"MA-CA","2001-05",1,576
"MA-CH","2006-10",1,523
"MA-DE","2006-10",1,589
"MA-FR","1986-90",1,284
"MA-FR","2001-05",1,492
"MA-FR","2006-10",1,587
"MA-SA","2011-15",1,718
"MA-US","1991-95",2,219
"MA-US","1996-00",2,315
"MA-US","2006-10",1,598
"MA-US","2011-15",2,542
"MC-CA","1991-95",1,299
"MC-CA","1996-00",1,501
"MC-CN","1986-90",3,152
"MC-CN","1991-95",3,197
"MC-CN","1996-00",4,244
"MC-CN","2001-05",6,244
"MC-CN","2006-10",1,612
"MC-DE","1996-00",4,237
"MC-FR","1991-95",3,194
"MC-FR","1996-00",2,311
"MC-FR","2001-05",2,385
"MC-GB","2001-05",1,537
"MC-MC","1986-90",0,344
"MC-MC","1991-95",0,457
"MC-MC","1996-00",0,551
"MC-MC","2006-10",0,771
"MD-RO","2006-10",1,541
"MD-US","1991-95",3,188
"MD-US","2006-10",1,575
"MD-US","2011-15",1,631
"ME-MX","2001-05",1,597
"ME-MX","2011-15",1,763
"ME-US","2006-10",1,667
"MG-FR","1986-90",1,242
"MH-IN","2011-15",4,384
"MH-US","2011-15",1,716
"MI-CA","1996-00",1,361
"MI-JP","2006-10",1,737
"MI-TW","2011-15",1,689
"MI-US","1986-90",4,111
"MI-US","1991-95",10,92
"MI-US","1996-00",1,454
"MI-US","2001-05",1,579
"MK-MX","2011-15",1,600
"MK-NO","2011-15",1,784
"MK-US","2011-15",1,657
"ML-JP","1996-00",2,303
"ML-JP","2011-15",1,788
"ML-MY","2001-05",7,220
"ML-MY","2006-10",4,335
"ML-MY","2011-15",1,692
"ML-PH","2006-10",1,578
"MN-US","1986-90",1,287
"MN-US","1991-95",4,173
"MN-US","2011-15",5,375
"MO-CN","2011-15",19,182
"MO-HK","2006-10",1,573
"MO-IN","2011-15",1,765
"MO-MC","1991-95",2,244
"MO-US","1986-90",1,279
"MO-US","1991-95",1,335
"MO-US","2006-10",2,440
"MO-US","2011-15",7,318
"MT-CA","2011-15",2,547
"MT-CH","2011-15",1,806
"MT-DE","2001-05",1,546
"MT-DE","2006-10",1,628
"MT-DE","2011-15",1,769
"MT-GB","1991-95",1,374
"MT-GB","2001-05",2,386
"MT-HK","2011-15",1,656
"MT-IE","2001-05",1,440
"MT-MT","2006-10",0,757
"MT-MT","2011-15",0,897
"MX-AR","2001-05",2,372
"MX-AR","2011-15",1,633
"MX-AT","2006-10",2,494
"MX-AU","2006-10",1,717
"MX-CA","1991-95",2,239
"MX-CA","1996-00",6,199
"MX-CA","2001-05",2,416
"MX-CA","2006-10",2,492
"MX-CA","2011-15",4,403
"MX-CH","1986-90",1,277
"MX-CH","1996-00",1,433
"MX-CH","2006-10",1,672
"MX-CH","2011-15",2,567
"MX-CN","2006-10",1,706
"MX-CN","2011-15",1,679
"MX-CR","2001-05",3,333
"MX-CU","2006-10",2,517
"MX-DE","1991-95",7,123
"MX-DE","1996-00",10,149
"MX-DE","2001-05",3,329
"MX-DE","2006-10",6,276
"MX-DE","2011-15",4,419
"MX-ES","2001-05",5,245
"MX-ES","2006-10",1,570
"MX-ES","2011-15",4,426
"MX-FR","1991-95",1,321
"MX-FR","2001-05",1,483
"MX-FR","2006-10",2,417
"MX-FR","2011-15",2,505
"MX-GB","1996-00",1,395
"MX-GB","2001-05",2,376
"MX-GB","2006-10",2,416
"MX-GB","2011-15",6,338
"MX-GI","2006-10",1,660
"MX-HU","1996-00",1,476
"MX-IT","1986-90",1,275
"MX-IT","2001-05",1,449
"MX-IT","2011-15",1,681
"MX-JP","2006-10",4,332
"MX-JP","2011-15",7,327
"MX-KR","1996-00",1,373
"MX-KR","2001-05",1,560
"MX-MX","1986-90",0,363
"MX-MX","1991-95",0,410
"MX-MX","1996-00",0,565
"MX-MX","2001-05",0,641
"MX-MX","2006-10",0,750
"MX-MX","2011-15",0,854
"MY-AE","2006-10",7,257
"MY-AM","2011-15",15,213
"MY-AU","1991-95",1,284
"MY-AU","1996-00",3,261
"MY-AU","2001-05",1,514
"MY-AU","2006-10",1,638
"MY-AU","2011-15",5,358
"MY-BE","2011-15",3,429
"MY-BR","2011-15",1,639
"MY-CA","1991-95",1,355
"MY-CA","2001-05",4,284
"MY-CA","2006-10",4,346
"MY-CA","2011-15",7,313
"MY-CH","2006-10",1,614
"MY-CH","2011-15",1,753
"MY-CN","2001-05",5,256
"MY-CN","2006-10",13,191
"MY-CN","2011-15",15,220
"MY-DE","1991-95",4,160
"MY-DE","1996-00",1,428
"MY-DE","2001-05",15,144
"MY-DE","2006-10",9,234
"MY-DE","2011-15",8,290
"MY-DK","1991-95",2,247
"MY-DK","2006-10",2,480
"MY-FR","1996-00",1,423
"MY-FR","2001-05",2,353
"MY-FR","2006-10",1,699
"MY-FR","2011-15",1,653
"MY-GB","1996-00",5,228
"MY-GB","2001-05",5,250
"MY-GB","2006-10",2,505
"MY-GB","2011-15",8,294
"MY-HK","1991-95",1,274
"MY-IE","2006-10",1,611
"MY-IL","1991-95",1,395
"MY-IN","1996-00",1,443
"MY-IN","2006-10",5,302
"MY-IN","2011-15",5,379
"MY-IT","2001-05",1,510
"MY-IT","2006-10",1,545
"MY-JP","1991-95",3,181
"MY-JP","1996-00",10,155
"MY-JP","2001-05",11,167
"MY-JP","2006-10",11,213
"MY-JP","2011-15",17,200
"MY-KR","2001-05",6,228
"MY-KR","2006-10",2,420
"MY-KR","2011-15",2,579
"MY-LI","2006-10",1,583
"MY-LU","1996-00",1,488
"MY-MY","1986-90",0,341
"MY-MY","1991-95",0,439
"MY-MY","1996-00",0,574
"MY-MY","2001-05",0,624
"MY-MY","2006-10",0,824
"MY-MY","2011-15",0,862
"NC-CN","2011-15",1,774
"NC-FR","1986-90",1,211
"NC-JP","1986-90",1,231
"NC-US","1986-90",7,83
"NC-US","1991-95",5,140
"NC-US","1996-00",2,302
"NC-US","2006-10",2,479
"NC-US","2011-15",2,569
"NE-NL","1986-90",1,247
"NE-NL","1996-00",1,391
"NE-NL","2006-10",2,467
"NE-US","2006-10",1,610
"NE-US","2011-15",1,615
"NG-BR","2001-05",1,593
"NG-CN","2011-15",1,729
"NG-DE","1986-90",1,229
"NG-GB","2011-15",1,686
"NG-NG","1996-00",0,582
"NJ-US","1986-90",1,202
"NJ-US","1991-95",2,265
"NL-AE","2006-10",1,663
"NL-AE","2011-15",1,664
"NL-AT","1986-90",5,103
"NL-AT","1991-95",3,178
"NL-AT","1996-00",11,146
"NL-AT","2001-05",10,185
"NL-AT","2006-10",13,187
"NL-AT","2011-15",30,139
"NL-AU","1991-95",2,249
"NL-AU","1996-00",2,305
"NL-AU","2001-05",9,188
"NL-AU","2006-10",22,143
"NL-AU","2011-15",19,184
"NL-BE","1986-90",37,31
"NL-BE","1991-95",39,41
"NL-BE","1996-00",74,44
"NL-BE","2001-05",171,35
"NL-BE","2006-10",150,51
"NL-BE","2011-15",205,47
"NL-BG","2001-05",2,408
"NL-BR","1996-00",1,437
"NL-BR","2001-05",1,517
"NL-BR","2006-10",2,500
"NL-BR","2011-15",5,378
"NL-CA","1986-90",3,146
"NL-CA","1991-95",2,246
"NL-CA","1996-00",17,104
"NL-CA","2001-05",11,175
"NL-CA","2006-10",22,144
"NL-CA","2011-15",38,118
"NL-CH","1986-90",13,57
"NL-CH","1991-95",17,68
"NL-CH","1996-00",35,69
"NL-CH","2001-05",35,94
"NL-CH","2006-10",41,103
"NL-CH","2011-15",62,97
"NL-CN","1996-00",3,262
"NL-CN","2001-05",18,128
"NL-CN","2006-10",66,77
"NL-CN","2011-15",260,40
"NL-CO","2006-10",1,569
"NL-CR","1991-95",1,340
"NL-CZ","2006-10",2,504
"NL-DE","1986-90",48,23
"NL-DE","1991-95",58,32
"NL-DE","1996-00",113,34
"NL-DE","2001-05",155,40
"NL-DE","2006-10",284,28
"NL-DE","2011-15",479,26
"NL-DK","1986-90",5,100
"NL-DK","1991-95",1,371
"NL-DK","1996-00",2,285
"NL-DK","2001-05",1,540
"NL-DK","2006-10",12,194
"NL-DK","2011-15",9,280
"NL-EE","2001-05",1,564
"NL-ES","1986-90",1,291
"NL-ES","1991-95",2,232
"NL-ES","1996-00",1,469
"NL-ES","2001-05",4,292
"NL-ES","2006-10",7,258
"NL-ES","2011-15",8,291
"NL-FI","1991-95",1,388
"NL-FI","1996-00",1,463
"NL-FI","2001-05",4,269
"NL-FI","2006-10",15,178
"NL-FI","2011-15",8,306
"NL-FR","1986-90",15,51
"NL-FR","1991-95",15,75
"NL-FR","1996-00",34,72
"NL-FR","2001-05",29,102
"NL-FR","2006-10",62,81
"NL-FR","2011-15",56,102
"NL-GB","1986-90",43,27
"NL-GB","1991-95",50,38
"NL-GB","1996-00",71,46
"NL-GB","2001-05",102,49
"NL-GB","2006-10",103,57
"NL-GB","2011-15",109,71
"NL-GR","1996-00",2,339
"NL-GR","2006-10",1,733
"NL-GR","2011-15",2,551
"NL-HK","2001-05",1,603
"NL-HK","2006-10",1,562
"NL-HK","2011-15",4,391
"NL-HU","1991-95",1,336
"NL-HU","2001-05",2,379
"NL-HU","2011-15",1,623
"NL-ID","1996-00",1,400
"NL-IE","1986-90",1,272
"NL-IE","1996-00",3,267
"NL-IE","2001-05",1,520
"NL-IE","2006-10",4,343
"NL-IE","2011-15",10,268
"NL-IL","1991-95",1,378
"NL-IL","1996-00",2,306
"NL-IL","2001-05",2,347
"NL-IL","2006-10",4,344
"NL-IL","2011-15",17,202
"NL-IN","1996-00",1,411
"NL-IN","2001-05",5,249
"NL-IN","2006-10",10,222
"NL-IN","2011-15",31,137
"NL-IS","1986-90",1,250
"NL-IT","1986-90",2,174
"NL-IT","1991-95",4,166
"NL-IT","1996-00",8,182
"NL-IT","2001-05",5,251
"NL-IT","2006-10",19,158
"NL-IT","2011-15",33,130
"NL-JP","1986-90",16,48
"NL-JP","1991-95",16,70
"NL-JP","1996-00",14,122
"NL-JP","2001-05",31,97
"NL-JP","2006-10",41,102
"NL-JP","2011-15",50,109
"NL-KR","1991-95",1,323
"NL-KR","2001-05",6,239
"NL-KR","2006-10",12,192
"NL-KR","2011-15",11,252
"NL-LU","1996-00",2,289
"NL-LU","2006-10",1,740
"NL-LU","2011-15",1,789
"NL-MT","2011-15",1,659
"NL-MY","2001-05",3,340
"NL-MY","2006-10",2,493
"NL-MY","2011-15",3,465
"NL-NL","1986-90",0,329
"NL-NL","1991-95",0,436
"NL-NL","1996-00",0,560
"NL-NL","2001-05",0,648
"NL-NL","2006-10",0,823
"NL-NL","2011-15",0,847
"NM-US","1986-90",2,182
"NM-US","1991-95",5,141
"NM-US","1996-00",4,249
"NM-US","2001-05",1,452
"NO-AE","2001-05",1,553
"NO-AE","2011-15",2,568
"NO-AT","2001-05",2,420
"NO-AT","2006-10",2,508
"NO-AT","2011-15",4,414
"NO-AU","1991-95",1,268
"NO-AU","2006-10",7,263
"NO-AU","2011-15",10,264
"NO-BE","1991-95",2,236
"NO-BE","1996-00",8,173
"NO-BE","2001-05",11,168
"NO-BE","2006-10",2,466
"NO-BE","2011-15",1,810
"NO-BR","2011-15",4,381
"NO-CA","1986-90",1,294
"NO-CA","1996-00",2,322
"NO-CA","2001-05",8,204
"NO-CA","2006-10",6,278
"NO-CA","2011-15",11,263
"NO-CH","1986-90",1,269
"NO-CH","1991-95",4,162
"NO-CH","1996-00",1,450
"NO-CH","2006-10",10,218
"NO-CH","2011-15",7,326
"NO-CN","1996-00",1,465
"NO-CN","2006-10",7,261
"NO-CN","2011-15",12,249
"NO-DE","1986-90",4,125
"NO-DE","1991-95",15,71
"NO-DE","1996-00",11,145
"NO-DE","2001-05",14,154
"NO-DE","2006-10",25,140
"NO-DE","2011-15",18,189
"NO-DK","1986-90",1,292
"NO-DK","1991-95",5,146
"NO-DK","1996-00",12,137
"NO-DK","2001-05",12,162
"NO-DK","2006-10",4,334
"NO-DK","2011-15",18,192
"NO-ES","1996-00",1,368
"NO-ES","2006-10",3,382
"NO-ES","2011-15",1,748
"NO-FI","1986-90",2,179
"NO-FI","1991-95",1,333
"NO-FI","1996-00",7,190
"NO-FI","2001-05",2,415
"NO-FI","2006-10",3,370
"NO-FI","2011-15",3,453
"NO-FR","1986-90",3,154
"NO-FR","1991-95",3,196
"NO-FR","1996-00",9,165
"NO-FR","2001-05",4,300
"NO-FR","2006-10",15,170
"NO-FR","2011-15",5,362
"NO-GB","1986-90",5,98
"NO-GB","1991-95",4,171
"NO-GB","1996-00",13,128
"NO-GB","2001-05",21,116
"NO-GB","2006-10",37,110
"NO-GB","2011-15",36,121
"NO-HU","1991-95",2,254
"NO-IE","2001-05",1,522
"NO-IE","2006-10",2,449
"NO-IE","2011-15",1,690
"NO-IL","1996-00",1,475
"NO-IL","2001-05",1,580
"NO-IL","2006-10",2,495
"NO-IL","2011-15",2,526
"NO-IN","2011-15",3,476
"NO-IT","1996-00",1,530
"NO-IT","2001-05",8,205
"NO-IT","2006-10",1,585
"NO-IT","2011-15",1,727
"NO-JP","1986-90",4,126
"NO-JP","1991-95",6,135
"NO-JP","1996-00",4,241
"NO-JP","2001-05",2,390
"NO-JP","2006-10",6,294
"NO-JP","2011-15",6,342
"NO-KR","2006-10",1,595
"NO-KR","2011-15",2,552
"NO-NL","1996-00",2,342
"NO-NL","2006-10",5,297
"NO-NL","2011-15",4,416
"NO-NO","1986-90",0,320
"NO-NO","1991-95",0,445
"NO-NO","1996-00",0,575
"NO-NO","2001-05",0,627
"NO-NO","2006-10",0,755
"NO-NO","2011-15",0,833
"NP-IN","2011-15",2,565
"NP-US","2011-15",1,640
"NR-JP","2001-05",1,545
"NR-NO","1986-90",1,244
"NR-NO","1991-95",1,370
"NR-NO","2001-05",2,394
"NR-NO","2006-10",1,571
"NR-NO","2011-15",1,797
"NR-US","2001-05",1,554
"NY-JP","1991-95",1,329
"NY-US","1986-90",3,133
"NY-US","1991-95",9,98
"NY-US","1996-00",1,402
"NY-US","2011-15",4,427
"NZ-AT","2011-15",2,506
"NZ-AU","1991-95",1,353
"NZ-AU","1996-00",19,98
"NZ-AU","2001-05",17,139
"NZ-AU","2006-10",18,163
"NZ-AU","2011-15",23,162
"NZ-BE","2011-15",3,448
"NZ-BR","2011-15",1,743
"NZ-CA","1986-90",1,262
"NZ-CA","1991-95",6,137
"NZ-CA","1996-00",2,294
"NZ-CA","2001-05",23,112
"NZ-CA","2006-10",21,149
"NZ-CA","2011-15",30,138
"NZ-CH","1996-00",4,248
"NZ-CH","2001-05",1,533
"NZ-CH","2006-10",9,225
"NZ-CH","2011-15",3,442
"NZ-CN","2001-05",3,325
"NZ-CN","2006-10",11,212
"NZ-CN","2011-15",9,283
"NZ-CZ","2011-15",2,590
"NZ-DE","1986-90",1,246
"NZ-DE","1991-95",3,204
"NZ-DE","1996-00",12,132
"NZ-DE","2001-05",6,227
"NZ-DE","2006-10",14,182
"NZ-DE","2011-15",22,166
"NZ-FI","1986-90",1,295
"NZ-FR","1991-95",1,365
"NZ-FR","1996-00",1,504
"NZ-FR","2001-05",2,388
"NZ-FR","2006-10",5,309
"NZ-FR","2011-15",6,351
"NZ-GB","1986-90",12,59
"NZ-GB","1991-95",14,77
"NZ-GB","1996-00",34,71
"NZ-GB","2001-05",58,63
"NZ-GB","2006-10",54,90
"NZ-GB","2011-15",48,110
"NZ-HK","1991-95",1,382
"NZ-HK","2001-05",2,380
"NZ-HK","2006-10",2,419
"NZ-HK","2011-15",5,374
"NZ-IE","1991-95",1,341
"NZ-IE","1996-00",2,332
"NZ-IE","2001-05",2,381
"NZ-IE","2011-15",4,422
"NZ-IL","2001-05",3,322
"NZ-IS","2001-05",1,506
"NZ-IS","2006-10",3,392
"NZ-JP","2001-05",2,345
"NZ-JP","2006-10",2,459
"NZ-JP","2011-15",6,356
"NZ-KR","2001-05",3,317
"NZ-KR","2006-10",2,475
"NZ-KR","2011-15",2,524
"NZ-MY","2006-10",1,568
"NZ-NL","1986-90",1,239
"NZ-NL","1991-95",1,281
"NZ-NL","1996-00",8,174
"NZ-NL","2001-05",9,199
"NZ-NL","2006-10",6,290
"NZ-NL","2011-15",8,286
"NZ-NZ","1986-90",0,330
"NZ-NZ","1991-95",0,446
"NZ-NZ","1996-00",0,576
"NZ-NZ","2001-05",0,669
"NZ-NZ","2006-10",0,829
"NZ-NZ","2011-15",0,885
"OA-IT","2006-10",2,448
"OA-IT","2011-15",1,609
"OH-IT","2011-15",1,594
"OH-JP","2011-15",1,807
"OH-US","1986-90",1,288
"OH-US","1991-95",8,110
"OH-US","1996-00",1,417
"OK-US","1996-00",1,401
"OM-CA","1991-95",1,399
"OM-CA","2006-10",1,666
"OM-DE","1996-00",1,479
"OM-GB","1996-00",1,398
"OM-GB","2001-05",1,478
"OM-GB","2006-10",1,531
"OM-MY","2011-15",1,758
"OM-OM","2001-05",0,660
"OM-OM","2006-10",0,801
"PA-CA","2011-15",1,733
"PA-CN","2011-15",1,665
"PA-GB","1991-95",2,243
"PA-IT","1996-00",5,229
"PA-IT","2001-05",1,544
"PA-JP","2011-15",1,649
"PA-PH","1996-00",1,471
"PA-US","1986-90",4,108
"PA-US","1991-95",7,119
"PA-US","1996-00",1,371
"PA-US","2001-05",1,521
"PA-US","2006-10",3,377
"PA-US","2011-15",1,761
"PE-CA","2006-10",1,657
"PE-CL","2011-15",2,585
"PE-DE","1996-00",1,376
"PE-NL","2001-05",1,442
"PE-PE","2011-15",0,878
"PF-FR","2011-15",1,666
"PG-DE","1996-00",1,459
"PG-JP","1991-95",1,287
"PH-AU","1996-00",1,360
"PH-AU","2001-05",1,472
"PH-AU","2011-15",3,434
"PH-CA","1986-90",1,270
"PH-CA","2011-15",3,468
"PH-CH","2006-10",1,563
"PH-CN","2006-10",5,316
"PH-CN","2011-15",2,584
"PH-ES","2011-15",2,573
"PH-GB","2001-05",3,323
"PH-GB","2011-15",4,393
"PH-HK","2006-10",8,242
"PH-HK","2011-15",1,804
"PH-ID","2006-10",3,366
"PH-IL","1996-00",1,453
"PH-IL","2011-15",1,629
"PH-IN","2011-15",1,795
"PH-JP","1996-00",2,357
"PH-JP","2006-10",1,565
"PH-JP","2011-15",7,319
"PH-KR","2001-05",2,369
"PH-MY","2006-10",2,432
"PH-MY","2011-15",1,702
"PH-PH","1986-90",0,343
"PH-PH","1991-95",0,459
"PH-PH","1996-00",0,559
"PH-PH","2001-05",0,663
"PH-PH","2006-10",0,772
"PH-PH","2011-15",0,867
"PK-CA","2006-10",1,548
"PK-CA","2011-15",4,383
"PK-DE","1996-00",1,383
"PK-DE","2006-10",1,661
"PK-FI","2011-15",1,691
"PK-GB","2011-15",3,447
"PK-IE","2011-15",1,660
"PK-JP","2001-05",1,557
"PK-PK","1996-00",0,536
"PK-PK","2001-05",0,655
"PK-PK","2006-10",0,789
"PK-PK","2011-15",0,881
"PL-AT","1991-95",1,393
"PL-AT","2011-15",3,470
"PL-AU","2006-10",1,566
"PL-AU","2011-15",1,602
"PL-BE","2001-05",1,604
"PL-BE","2011-15",1,644
"PL-CA","1991-95",2,257
"PL-CA","1996-00",3,274
"PL-CA","2001-05",1,445
"PL-CA","2006-10",2,490
"PL-CA","2011-15",4,390
"PL-CH","2006-10",3,389
"PL-CH","2011-15",11,260
"PL-CN","2006-10",5,324
"PL-CN","2011-15",4,406
"PL-DE","1986-90",1,207
"PL-DE","1991-95",3,198
"PL-DE","1996-00",1,387
"PL-DE","2001-05",2,346
"PL-DE","2006-10",13,189
"PL-DE","2011-15",16,204
"PL-ES","2011-15",1,749
"PL-FI","2006-10",3,385
"PL-FI","2011-15",1,751
"PL-FR","2006-10",1,644
"PL-FR","2011-15",1,612
"PL-GB","1991-95",1,330
"PL-GB","1996-00",1,438
"PL-GB","2006-10",2,471
"PL-GB","2011-15",6,340
"PL-IE","2011-15",2,530
"PL-IL","2011-15",1,637
"PL-IT","1996-00",1,480
"PL-JP","2006-10",2,435
"PL-JP","2011-15",3,452
"PL-NL","1996-00",1,384
"PL-NL","2001-05",2,413
"PL-NL","2006-10",2,450
"PL-NL","2011-15",1,701
"PL-PL","1986-90",0,350
"PL-PL","1991-95",0,440
"PL-PL","1996-00",0,586
"PL-PL","2001-05",0,686
"PL-PL","2006-10",0,799
"PL-PL","2011-15",0,895
"PR-BE","1991-95",1,286
"PR-CA","1996-00",1,420
"PR-FR","2001-05",1,464
"PR-US","1986-90",3,130
"PR-US","1991-95",6,133
"PR-US","1996-00",13,127
"PR-US","2001-05",4,277
"PR-US","2006-10",3,401
"PR-US","2011-15",2,536
"PT-BR","2001-05",2,384
"PT-BR","2006-10",1,550
"PT-BR","2011-15",1,698
"PT-CA","2011-15",1,811
"PT-CH","2001-05",1,489
"PT-CN","2006-10",2,463
"PT-DE","1986-90",1,259
"PT-DE","2001-05",2,354
"PT-DE","2006-10",1,730
"PT-DE","2011-15",1,736
"PT-ES","2011-15",2,589
"PT-FI","2011-15",1,632
"PT-FR","2001-05",3,305
"PT-FR","2011-15",2,563
"PT-GB","1986-90",1,308
"PT-GB","1996-00",2,326
"PT-GB","2001-05",4,282
"PT-GB","2006-10",1,689
"PT-GB","2011-15",2,499
"PT-IN","2006-10",1,668
"PT-IN","2011-15",1,794
"PT-NL","2006-10",1,654
"PT-PT","1986-90",0,365
"PT-PT","1991-95",0,400
"PT-PT","1996-00",0,578
"PT-PT","2001-05",0,613
"PT-PT","2006-10",0,792
"PT-PT","2011-15",0,842
"PY-US","2011-15",1,715
"QA-CA","2011-15",8,296
"QA-DK","2006-10",1,554
"QA-DK","2011-15",7,315
"QA-EG","2011-15",1,675
"QA-FI","2001-05",1,523
"QA-FR","2011-15",1,726
"QA-GB","2006-10",1,670
"QA-GB","2011-15",4,380
"QA-IE","2011-15",1,693
"QA-QA","2006-10",0,777
"QA-QA","2011-15",0,905
"RE-IL","2011-15",1,663
"RO-AT","2011-15",4,421
"RO-BE","2001-05",2,430
"RO-BE","2006-10",2,483
"RO-CA","1991-95",1,313
"RO-CA","1996-00",1,497
"RO-CA","2001-05",1,496
"RO-CA","2011-15",2,550
"RO-CZ","2011-15",1,714
"RO-DE","1991-95",1,267
"RO-DE","1996-00",1,506
"RO-DE","2001-05",3,330
"RO-DE","2006-10",2,415
"RO-DE","2011-15",5,360
"RO-FI","2006-10",1,707
"RO-FI","2011-15",1,710
"RO-FR","2011-15",4,423
"RO-GB","1996-00",2,309
"RO-GB","2006-10",1,581
"RO-GB","2011-15",3,435
"RO-HU","2011-15",1,721
"RO-IE","2006-10",11,201
"RO-IE","2011-15",11,256
"RO-LU","2001-05",1,509
"RO-LU","2006-10",3,374
"RO-RO","1991-95",0,415
"RO-RO","1996-00",0,600
"RO-RO","2001-05",0,680
"RO-RO","2006-10",0,803
"RO-RO","2011-15",0,850
"RP-US","1996-00",1,444
"RS-AT","1991-95",1,394
"RS-BE","1986-90",1,218
"RS-BE","2006-10",1,617
"RS-BE","2011-15",1,641
"RS-CA","2011-15",1,764
"RS-CH","1986-90",1,271
"RS-DE","1986-90",1,201
"RS-DE","1991-95",2,241
"RS-DE","2001-05",2,412
"RS-DE","2011-15",1,605
"RS-HR","1986-90",4,112
"RS-HR","1991-95",22,62
"RS-HR","1996-00",1,456
"RS-HR","2001-05",2,422
"RS-HR","2006-10",4,336
"RS-RS","1986-90",0,353
"RS-RS","1991-95",0,408
"RS-RS","1996-00",0,593
"RS-RS","2001-05",0,674
"RS-RS","2006-10",0,816
"RS-RS","2011-15",0,843
"RU-AR","2006-10",1,593
"RU-AT","1986-90",2,166
"RU-AT","2001-05",2,402
"RU-AT","2006-10",1,745
"RU-AT","2011-15",2,562
"RU-AU","2001-05",1,552
"RU-AU","2006-10",1,602
"RU-AU","2011-15",2,566
"RU-BE","2001-05",1,524
"RU-BE","2006-10",1,729
"RU-BE","2011-15",1,728
"RU-BG","2011-15",2,529
"RU-BY","1991-95",1,351
"RU-BY","1996-00",1,369
"RU-BY","2011-15",2,522
"RU-CA","1996-00",7,194
"RU-CA","2001-05",22,114
"RU-CA","2006-10",15,177
"RU-CA","2011-15",13,235
"RU-CH","1996-00",1,388
"RU-CH","2006-10",1,712
"RU-CH","2011-15",3,474
"RU-CN","2011-15",14,223
"RU-CZ","1996-00",2,320
"RU-DE","1986-90",3,129
"RU-DE","1991-95",10,91
"RU-DE","1996-00",19,99
"RU-DE","2001-05",16,140
"RU-DE","2006-10",30,126
"RU-DE","2011-15",25,155
"RU-DK","2006-10",1,722
"RU-EE","2006-10",5,318
"RU-EE","2011-15",2,544
"RU-ES","1996-00",1,519
"RU-ES","2011-15",1,737
"RU-FI","2001-05",2,399
"RU-FI","2006-10",1,637
"RU-FI","2011-15",4,412
"RU-FR","1991-95",1,320
"RU-FR","1996-00",1,436
"RU-FR","2001-05",8,202
"RU-FR","2006-10",11,204
"RU-FR","2011-15",7,331
"RU-GB","1991-95",1,356
"RU-GB","1996-00",4,247
"RU-GB","2001-05",11,170
"RU-GB","2006-10",8,248
"RU-GB","2011-15",12,240
"RU-HK","1996-00",2,355
"RU-HK","2001-05",1,502
"RU-IE","2001-05",2,393
"RU-IL","1991-95",1,318
"RU-IL","1996-00",11,139
"RU-IL","2001-05",7,218
"RU-IL","2006-10",4,330
"RU-IL","2011-15",12,245
"RU-IN","2011-15",3,473
"RU-IT","1991-95",1,359
"RU-IT","2001-05",3,307
"RU-IT","2011-15",2,548
"RU-JP","2001-05",1,484
"RU-JP","2006-10",5,319
"RU-JP","2011-15",2,535
"RU-KR","1986-90",1,221
"RU-KR","1996-00",6,210
"RU-KR","2001-05",10,184
"RU-KR","2006-10",21,146
"RU-KR","2011-15",20,175
"RU-LT","2011-15",1,755
"RU-LV","1991-95",4,163
"RU-LV","1996-00",2,344
"RU-LV","2006-10",10,215
"RU-LV","2011-15",1,617
"RU-MY","2006-10",3,387
"RU-MY","2011-15",2,512
"RU-NL","2006-10",1,725
"RU-NL","2011-15",22,165
"RU-NO","1991-95",3,183
"RU-NO","1996-00",1,377
"RU-NO","2001-05",1,503
"RU-NO","2006-10",2,437
"RU-NO","2011-15",2,558
"RU-RO","1996-00",1,484
"RU-RO","2001-05",3,313
"RU-RO","2006-10",14,184
"RU-RO","2011-15",1,654
"RU-RU","1986-90",0,359
"RU-RU","1991-95",0,456
"RU-RU","1996-00",0,570
"RU-RU","2001-05",0,619
"RU-RU","2006-10",0,812
"RU-RU","2011-15",0,893
"SA-AU","1991-95",1,293
"SA-AU","2006-10",3,402
"SA-AU","2011-15",1,670
"SA-BR","2011-15",1,787
"SA-CA","1991-95",2,248
"SA-CA","1996-00",4,251
"SA-CA","2001-05",2,359
"SA-CA","2006-10",10,221
"SA-CA","2011-15",21,173
"SA-CH","2001-05",3,336
"SA-CH","2011-15",2,534
"SA-CN","2006-10",5,300
"SA-CN","2011-15",37,120
"SA-DE","2001-05",2,374
"SA-DE","2006-10",5,317
"SA-DE","2011-15",8,295
"SA-EG","2006-10",2,507
"SA-EG","2011-15",8,292
"SA-FR","1996-00",1,473
"SA-FR","2001-05",1,532
"SA-FR","2006-10",4,341
"SA-FR","2011-15",21,169
"SA-GB","1986-90",1,260
"SA-GB","1991-95",1,304
"SA-GB","1996-00",9,168
"SA-GB","2001-05",2,429
"SA-GB","2006-10",8,245
"SA-GB","2011-15",11,250
"SA-HK","1996-00",1,485
"SA-IL","2006-10",1,639
"SA-IN","1996-00",1,495
"SA-IN","2006-10",3,372
"SA-IN","2011-15",19,181
"SA-IT","2006-10",1,632
"SA-IT","2011-15",5,363
"SA-JO","2006-10",2,482
"SA-JO","2011-15",10,265
"SA-JP","2001-05",1,456
"SA-JP","2006-10",2,455
"SA-JP","2011-15",3,493
"SA-KR","2006-10",1,651
"SA-KR","2011-15",4,400
"SA-KW","1991-95",1,381
"SA-KW","2006-10",2,428
"SA-MY","2001-05",1,531
"SA-MY","2006-10",1,674
"SA-MY","2011-15",3,457
"SA-NL","2001-05",1,480
"SA-NL","2006-10",1,673
"SA-NL","2011-15",7,317
"SA-NO","2011-15",1,627
"SA-NZ","2011-15",2,500
"SA-OM","2011-15",2,571
"SA-PH","2011-15",1,760
"SA-PK","2011-15",4,410
"SA-QA","2011-15",4,386
"SA-RU","2011-15",1,720
"SA-SA","1986-90",0,325
"SA-SA","1991-95",0,441
"SA-SA","1996-00",0,595
"SA-SA","2001-05",0,668
"SA-SA","2006-10",0,800
"SA-SA","2011-15",0,877
"SC-AU","2001-05",2,414
"SC-BE","2001-05",4,289
"SC-BE","2006-10",2,502
"SC-CN","2011-15",1,780
"SC-GB","1991-95",5,149
"SC-GB","1996-00",1,430
"SC-GB","2001-05",2,365
"SC-GB","2006-10",6,273
"SC-GB","2011-15",6,335
"SC-IE","1986-90",1,290
"SC-SC","1986-90",0,317
"SC-SC","1996-00",0,589
"SC-SC","2001-05",0,632
"SC-SC","2006-10",0,763
"SC-SC","2011-15",0,892
"SE-AE","2011-15",2,538
"SE-AT","1996-00",7,191
"SE-AT","2001-05",2,373
"SE-AT","2006-10",4,337
"SE-AT","2011-15",8,301
"SE-AU","1991-95",4,168
"SE-AU","1996-00",10,148
"SE-AU","2001-05",7,217
"SE-AU","2006-10",15,172
"SE-AU","2011-15",15,217
"SE-BE","1986-90",5,105
"SE-BE","1991-95",3,205
"SE-BE","1996-00",6,208
"SE-BE","2001-05",5,258
"SE-BE","2006-10",4,333
"SE-BE","2011-15",3,461
"SE-BG","1996-00",1,490
"SE-BR","1996-00",1,477
"SE-BR","2001-05",1,486
"SE-BR","2006-10",3,357
"SE-BR","2011-15",7,328
"SE-BY","1996-00",1,464
"SE-CA","1986-90",8,75
"SE-CA","1991-95",6,127
"SE-CA","1996-00",30,76
"SE-CA","2001-05",28,105
"SE-CA","2006-10",41,104
"SE-CA","2011-15",60,99
"SE-CH","1986-90",18,44
"SE-CH","1991-95",31,45
"SE-CH","1996-00",52,56
"SE-CH","2001-05",48,77
"SE-CH","2006-10",79,70
"SE-CH","2011-15",75,87
"SE-CM","2011-15",1,812
"SE-CN","1996-00",2,298
"SE-CN","2001-05",6,229
"SE-CN","2006-10",105,56
"SE-CN","2011-15",329,31
"SE-CY","1991-95",1,338
"SE-CY","1996-00",1,512
"SE-CZ","2006-10",3,361
"SE-CZ","2011-15",3,433
"SE-DE","1986-90",26,38
"SE-DE","1991-95",38,42
"SE-DE","1996-00",97,39
"SE-DE","2001-05",110,48
"SE-DE","2006-10",127,53
"SE-DE","2011-15",134,59
"SE-DK","1986-90",3,145
"SE-DK","1991-95",9,103
"SE-DK","1996-00",34,70
"SE-DK","2001-05",62,60
"SE-DK","2006-10",66,79
"SE-DK","2011-15",67,93
"SE-EE","2006-10",2,464
"SE-EE","2011-15",1,696
"SE-ES","1986-90",2,187
"SE-ES","1991-95",1,350
"SE-ES","1996-00",1,392
"SE-ES","2001-05",7,224
"SE-ES","2006-10",7,249
"SE-ES","2011-15",15,210
"SE-FI","1986-90",8,82
"SE-FI","1991-95",18,65
"SE-FI","1996-00",40,64
"SE-FI","2001-05",40,87
"SE-FI","2006-10",44,98
"SE-FI","2011-15",48,111
"SE-FR","1986-90",5,104
"SE-FR","1991-95",10,95
"SE-FR","1996-00",20,95
"SE-FR","2001-05",21,115
"SE-FR","2006-10",20,156
"SE-FR","2011-15",14,227
"SE-GB","1986-90",4,121
"SE-GB","1991-95",5,151
"SE-GB","1996-00",27,82
"SE-GB","2001-05",41,86
"SE-GB","2006-10",56,88
"SE-GB","2011-15",111,70
"SE-GR","2006-10",1,684
"SE-GR","2011-15",1,742
"SE-HK","2001-05",2,410
"SE-HK","2006-10",1,728
"SE-HK","2011-15",1,756
"SE-HU","1986-90",1,280
"SE-HU","1991-95",2,253
"SE-HU","1996-00",2,347
"SE-HU","2001-05",2,363
"SE-HU","2006-10",4,340
"SE-HU","2011-15",4,401
"SE-IE","1996-00",1,472
"SE-IE","2001-05",4,266
"SE-IE","2006-10",8,237
"SE-IE","2011-15",6,347
"SE-IL","1996-00",6,211
"SE-IL","2001-05",3,319
"SE-IL","2006-10",8,235
"SE-IL","2011-15",8,297
"SE-IN","1986-90",5,107
"SE-IN","1991-95",2,229
"SE-IN","1996-00",8,183
"SE-IN","2001-05",29,100
"SE-IN","2006-10",27,133
"SE-IN","2011-15",24,159
"SE-IR","2001-05",1,473
"SE-IS","1996-00",1,511
"SE-IS","2001-05",2,403
"SE-IS","2006-10",1,539
"SE-IS","2011-15",2,549
"SE-IT","1986-90",2,164
"SE-IT","1991-95",3,207
"SE-IT","1996-00",10,153
"SE-IT","2001-05",11,171
"SE-IT","2006-10",11,205
"SE-IT","2011-15",29,143
"SE-JP","1986-90",2,183
"SE-JP","1991-95",15,73
"SE-JP","1996-00",31,75
"SE-JP","2001-05",12,157
"SE-JP","2006-10",26,136
"SE-JP","2011-15",27,150
"SE-KR","1996-00",2,321
"SE-KR","2001-05",2,427
"SE-KR","2006-10",3,362
"SE-KR","2011-15",17,199
"SE-LI","1996-00",1,406
"SE-LU","2006-10",1,735
"SE-LV","2006-10",1,652
"SE-MT","2011-15",1,752
"SE-MY","1996-00",1,422
"SE-MY","2001-05",1,530
"SE-MY","2006-10",2,509
"SE-NL","1986-90",1,216
"SE-NL","1991-95",13,83
"SE-NL","1996-00",25,84
"SE-NL","2001-05",21,117
"SE-NL","2006-10",23,142
"SE-NL","2011-15",15,216
"SE-NO","1986-90",8,78
"SE-NO","1991-95",5,148
"SE-NO","1996-00",30,78
"SE-NO","2001-05",21,118
"SE-NO","2006-10",27,134
"SE-NO","2011-15",35,125
"SE-NZ","1996-00",1,405
"SE-NZ","2001-05",2,405
"SE-NZ","2006-10",5,304
"SE-NZ","2011-15",6,353
"SE-PH","2001-05",2,378
"SE-PL","2001-05",2,407
"SE-PL","2011-15",2,561
"SE-PT","2011-15",2,541
"SE-QA","2011-15",1,682
"SE-RU","1996-00",4,246
"SE-RU","2006-10",4,345
"SE-RU","2011-15",3,481
"SE-SE","1986-90",0,362
"SE-SE","1991-95",0,466
"SE-SE","1996-00",0,568
"SE-SE","2001-05",0,665
"SE-SE","2006-10",0,790
"SE-SE","2011-15",0,865
"SG-AE","2011-15",1,678
"SG-AT","2006-10",2,488
"SG-AT","2011-15",4,392
"SG-AU","1991-95",5,152
"SG-AU","1996-00",7,192
"SG-AU","2001-05",11,173
"SG-AU","2006-10",37,111
"SG-AU","2011-15",24,160
"SG-BD","1986-90",1,232
"SG-BD","2001-05",1,539
"SG-BD","2011-15",1,757
"SG-BE","1996-00",1,493
"SG-BE","2001-05",1,444
"SG-BE","2006-10",2,510
"SG-BE","2011-15",7,308
"SG-BR","2006-10",2,421
"SG-BR","2011-15",2,546
"SG-CA","1996-00",17,103
"SG-CA","2001-05",36,91
"SG-CA","2006-10",56,87
"SG-CA","2011-15",74,88
"SG-CH","1996-00",2,340
"SG-CH","2001-05",7,216
"SG-CH","2006-10",7,255
"SG-CH","2011-15",18,188
"SG-CN","1996-00",9,164
"SG-CN","2001-05",86,51
"SG-CN","2006-10",389,24
"SG-CN","2011-15",915,18
"SG-DE","1986-90",1,266
"SG-DE","1991-95",1,358
"SG-DE","1996-00",22,90
"SG-DE","2001-05",35,93
"SG-DE","2006-10",67,75
"SG-DE","2011-15",72,91
"SG-DK","2001-05",1,519
"SG-DK","2006-10",2,470
"SG-DK","2011-15",7,324
"SG-EG","2011-15",1,731
"SG-ES","1996-00",1,434
"SG-ES","2011-15",1,708
"SG-FI","2001-05",4,281
"SG-FI","2006-10",3,391
"SG-FI","2011-15",4,394
"SG-FR","1986-90",1,224
"SG-FR","1991-95",2,233
"SG-FR","1996-00",8,179
"SG-FR","2001-05",20,121
"SG-FR","2006-10",18,165
"SG-FR","2011-15",25,156
"SG-GB","1986-90",5,106
"SG-GB","1991-95",13,80
"SG-GB","1996-00",17,105
"SG-GB","2001-05",28,106
"SG-GB","2006-10",36,114
"SG-GB","2011-15",41,114
"SG-HK","1991-95",3,200
"SG-HK","1996-00",4,250
"SG-HK","2001-05",8,208
"SG-HK","2006-10",25,139
"SG-HK","2011-15",15,212
"SG-ID","1996-00",4,238
"SG-ID","2001-05",1,526
"SG-ID","2006-10",3,368
"SG-ID","2011-15",3,492
"SG-IE","1991-95",1,310
"SG-IE","2006-10",3,395
"SG-IE","2011-15",2,510
"SG-IL","2001-05",1,461
"SG-IL","2006-10",4,342
"SG-IL","2011-15",3,494
"SG-IN","2001-05",18,131
"SG-IN","2006-10",30,124
"SG-IN","2011-15",78,83
"SG-IT","1986-90",1,243
"SG-IT","1991-95",1,375
"SG-IT","1996-00",1,362
"SG-IT","2001-05",6,241
"SG-IT","2006-10",6,284
"SG-IT","2011-15",3,464
"SG-JP","1986-90",3,143
"SG-JP","1991-95",8,117
"SG-JP","1996-00",42,60
"SG-JP","2001-05",83,54
"SG-JP","2006-10",233,35
"SG-JP","2011-15",124,64
"SG-KR","1991-95",2,258
"SG-KR","1996-00",11,142
"SG-KR","2001-05",23,111
"SG-KR","2006-10",37,112
"SG-KR","2011-15",89,76
"SG-LU","2011-15",1,745
"SG-MX","1996-00",1,375
"SG-MX","2001-05",2,398
"SG-MX","2011-15",1,595
"SG-MY","1986-90",2,195
"SG-MY","1991-95",3,209
"SG-MY","1996-00",14,121
"SG-MY","2001-05",43,81
"SG-MY","2006-10",31,121
"SG-MY","2011-15",33,131
"SG-NL","1986-90",2,194
"SG-NL","1991-95",3,185
"SG-NL","1996-00",5,226
"SG-NL","2001-05",10,183
"SG-NL","2006-10",16,169
"SG-NL","2011-15",24,161
"SG-NO","1991-95",2,259
"SG-NO","1996-00",1,482
"SG-NO","2006-10",2,521
"SG-NO","2011-15",6,354
"SG-NZ","2001-05",2,375
"SG-NZ","2006-10",1,564
"SG-NZ","2011-15",4,409
"SG-PH","2006-10",2,518
"SG-PH","2011-15",3,483
"SG-QA","2011-15",1,793
"SG-RO","2011-15",3,436
"SG-RU","1996-00",1,531
"SG-RU","2001-05",1,590
"SG-RU","2006-10",4,348
"SG-RU","2011-15",4,418
"SG-SA","2006-10",2,431
"SG-SA","2011-15",1,778
"SG-SE","1986-90",1,252
"SG-SE","1996-00",7,197
"SG-SE","2001-05",3,332
"SG-SE","2006-10",5,299
"SG-SE","2011-15",4,417
"SG-SG","1986-90",0,340
"SG-SG","1991-95",0,424
"SG-SG","1996-00",0,585
"SG-SG","2001-05",0,684
"SG-SG","2006-10",0,818
"SG-SG","2011-15",0,898
"SI-CA","1996-00",1,424
"SI-CZ","2001-05",1,512
"SI-CZ","2006-10",1,619
"SI-DE","2011-15",1,822
"SI-EE","2006-10",1,555
"SI-GB","2006-10",1,664
"SI-HR","1991-95",1,272
"SI-IT","1996-00",1,439
"SI-KZ","2011-15",1,608
"SI-RS","1986-90",1,289
"SI-RS","1991-95",5,143
"SI-SI","1986-90",0,357
"SI-SI","1991-95",0,422
"SI-SI","1996-00",0,587
"SI-SI","2001-05",0,654
"SI-SI","2006-10",0,746
"SI-SI","2011-15",0,899
"SK-AT","2006-10",2,472
"SK-AT","2011-15",3,463
"SK-AU","2011-15",1,750
"SK-BE","2001-05",1,488
"SK-BE","2006-10",1,701
"SK-CA","2001-05",1,594
"SK-CA","2006-10",1,631
"SK-CZ","1991-95",15,72
"SK-CZ","1996-00",1,427
"SK-CZ","2006-10",1,709
"SK-CZ","2011-15",4,424
"SK-DE","2001-05",1,559
"SK-DE","2006-10",1,715
"SK-DE","2011-15",3,479
"SK-FR","1996-00",1,518
"SK-NL","2001-05",1,571
"SK-NL","2011-15",4,395
"SK-SK","1991-95",0,463
"SK-SK","1996-00",0,543
"SK-SK","2001-05",0,678
"SK-SK","2006-10",0,830
"SK-SK","2011-15",0,882
"SL-BR","1996-00",1,429
"SL-SI","1996-00",2,324
"SM-IT","2011-15",1,624
"SN-US","2011-15",1,739
"SV-US","1996-00",1,442
"SY-JP","1991-95",1,337
"SY-SA","1996-00",1,460
"SY-SA","2001-05",1,448
"SY-US","2001-05",1,490
"SZ-CH","1991-95",1,363
"TC-CA","1996-00",1,467
"TC-TC","1996-00",0,569
"TC-TC","2001-05",0,630
"TH-AT","2001-05",1,587
"TH-AU","1986-90",2,193
"TH-AU","1991-95",1,271
"TH-AU","2011-15",1,802
"TH-BE","1996-00",2,352
"TH-BE","2001-05",1,479
"TH-BE","2006-10",1,604
"TH-CA","2006-10",1,643
"TH-CA","2011-15",1,625
"TH-CH","2006-10",1,695
"TH-CH","2011-15",1,746
"TH-CN","2006-10",5,326
"TH-CN","2011-15",5,366
"TH-DE","1996-00",2,323
"TH-DE","2001-05",3,328
"TH-DE","2006-10",4,351
"TH-DE","2011-15",2,570
"TH-DK","2006-10",1,739
"TH-DK","2011-15",1,638
"TH-FR","2011-15",1,703
"TH-GB","1996-00",1,503
"TH-GB","2001-05",2,431
"TH-HK","1996-00",1,366
"TH-HK","2011-15",1,611
"TH-IN","2001-05",1,536
"TH-IT","2001-05",3,306
"TH-IT","2006-10",1,648
"TH-JP","1991-95",4,164
"TH-JP","1996-00",5,218
"TH-JP","2001-05",6,234
"TH-JP","2006-10",29,129
"TH-JP","2011-15",18,191
"TH-KR","1996-00",1,415
"TH-KR","2001-05",1,563
"TH-KR","2011-15",2,508
"TH-MY","2001-05",1,575
"TH-MY","2011-15",1,779
"TH-NL","2011-15",1,685
"TH-NO","1996-00",1,500
"TH-NO","2001-05",1,481
"TH-PH","2006-10",1,613
"TH-SE","1991-95",1,315
"TH-SE","1996-00",1,359
"TH-SE","2001-05",2,367
"TH-SE","2006-10",3,399
"TH-SE","2011-15",4,385
"TH-SG","2006-10",2,439
"TH-SG","2011-15",3,445
"TH-TH","1986-90",0,367
"TH-TH","1991-95",0,409
"TH-TH","1996-00",0,598
"TH-TH","2001-05",0,670
"TH-TH","2006-10",0,815
"TH-TH","2011-15",0,900
"TK-TR","1996-00",1,412
"TK-TR","2001-05",1,497
"TK-TR","2011-15",3,472
"TK-US","2001-05",1,469
"TN-DE","2011-15",1,767
"TN-FR","1996-00",1,381
"TN-FR","2006-10",1,710
"TN-TN","2001-05",0,677
"TN-TN","2011-15",0,894
"TR-CA","2011-15",2,577
"TR-CH","2006-10",2,487
"TR-CH","2011-15",5,359
"TR-CN","2011-15",2,574
"TR-DE","1991-95",2,237
"TR-DE","1996-00",2,300
"TR-DE","2001-05",4,285
"TR-DE","2006-10",2,438
"TR-DE","2011-15",9,277
"TR-DK","2006-10",1,690
"TR-ES","2011-15",1,626
"TR-FI","2011-15",6,336
"TR-FR","1986-90",1,273
"TR-IN","2006-10",1,700
"TR-IN","2011-15",2,572
"TR-NO","2006-10",3,367
"TR-NO","2011-15",1,773
"TR-SA","2006-10",1,659
"TR-SG","2011-15",6,345
"TR-TR","1986-90",0,342
"TR-TR","1991-95",0,426
"TR-TR","1996-00",0,561
"TR-TR","2001-05",0,675
"TR-TR","2006-10",0,796
"TR-TR","2011-15",0,823
"TT-ES","2011-15",1,735
"TT-FR","2001-05",1,507
"TT-FR","2006-10",1,582
"TT-FR","2011-15",2,514
"TT-US","2006-10",1,633
"TT-US","2011-15",3,495
"TW-AT","2011-15",1,645
"TW-AU","1991-95",5,142
"TW-AU","1996-00",4,243
"TW-AU","2001-05",10,180
"TW-AU","2006-10",18,162
"TW-AU","2011-15",14,224
"TW-BE","1996-00",1,513
"TW-BE","2001-05",1,585
"TW-BE","2006-10",12,197
"TW-BE","2011-15",19,186
"TW-CA","1991-95",8,108
"TW-CA","1996-00",24,85
"TW-CA","2001-05",53,70
"TW-CA","2006-10",87,65
"TW-CA","2011-15",84,77
"TW-CH","1991-95",2,251
"TW-CH","1996-00",1,483
"TW-CH","2001-05",7,211
"TW-CH","2006-10",7,266
"TW-CH","2011-15",14,229
"TW-CM","2001-05",1,475
"TW-CN","1986-90",8,80
"TW-CN","1991-95",12,88
"TW-CN","1996-00",60,51
"TW-CN","2001-05",491,17
"TW-CN","2006-10",1036,12
"TW-CN","2011-15",2497,9
"TW-CZ","2006-10",2,496
"TW-DE","1986-90",2,189
"TW-DE","1991-95",1,314
"TW-DE","1996-00",13,129
"TW-DE","2001-05",20,123
"TW-DE","2006-10",34,119
"TW-DE","2011-15",38,119
"TW-ES","1996-00",1,522
"TW-ES","2001-05",1,596
"TW-FI","1996-00",1,382
"TW-FI","2001-05",1,528
"TW-FI","2006-10",2,433
"TW-FI","2011-15",3,480
"TW-FR","1986-90",1,296
"TW-FR","1991-95",3,203
"TW-FR","1996-00",6,206
"TW-FR","2001-05",6,238
"TW-FR","2006-10",3,390
"TW-FR","2011-15",10,276
"TW-GB","1991-95",3,177
"TW-GB","1996-00",8,184
"TW-GB","2001-05",17,136
"TW-GB","2006-10",39,106
"TW-GB","2011-15",30,140
"TW-HK","1991-95",4,174
"TW-HK","1996-00",12,136
"TW-HK","2001-05",9,191
"TW-HK","2006-10",53,91
"TW-HK","2011-15",65,94
"TW-ID","2011-15",1,805
"TW-IE","1996-00",3,259
"TW-IE","2001-05",6,243
"TW-IE","2006-10",7,252
"TW-IE","2011-15",12,241
"TW-IL","2001-05",4,273
"TW-IL","2006-10",6,279
"TW-IL","2011-15",8,288
"TW-IN","1996-00",8,171
"TW-IN","2001-05",2,349
"TW-IN","2006-10",11,209
"TW-IN","2011-15",11,257
"TW-IT","2001-05",1,525
"TW-IT","2006-10",1,647
"TW-IT","2011-15",1,610
"TW-JP","1986-90",9,73
"TW-JP","1991-95",19,64
"TW-JP","1996-00",61,50
"TW-JP","2001-05",130,43
"TW-JP","2006-10",193,42
"TW-JP","2011-15",299,36
"TW-KR","1996-00",20,92
"TW-KR","2001-05",49,76
"TW-KR","2006-10",89,64
"TW-KR","2011-15",82,80
"TW-KY","2006-10",8,246
"TW-KY","2011-15",20,174
"TW-MX","1991-95",1,385
"TW-MY","1996-00",3,279
"TW-MY","2001-05",5,248
"TW-MY","2006-10",14,179
"TW-MY","2011-15",28,144
"TW-NL","1991-95",2,215
"TW-NL","2006-10",15,174
"TW-NL","2011-15",16,206
"TW-NO","1996-00",2,288
"TW-NO","2006-10",1,605
"TW-NO","2011-15",1,707
"TW-NZ","1991-95",1,398
"TW-NZ","1996-00",7,193
"TW-NZ","2001-05",3,327
"TW-NZ","2006-10",3,380
"TW-NZ","2011-15",3,478
"TW-PH","1991-95",1,392
"TW-PH","2001-05",1,602
"TW-PH","2006-10",1,702
"TW-RS","2006-10",1,698
"TW-RU","1996-00",1,448
"TW-SA","2011-15",7,330
"TW-SE","1996-00",3,265
"TW-SE","2001-05",4,288
"TW-SE","2006-10",8,243
"TW-SE","2011-15",14,225
"TW-SG","1996-00",11,141
"TW-SG","2001-05",44,80
"TW-SG","2006-10",51,93
"TW-SG","2011-15",139,57
"TW-TH","2001-05",2,364
"TW-TH","2006-10",1,694
"TW-TH","2011-15",3,441
"TW-TW","1986-90",0,352
"TW-TW","1991-95",0,462
"TW-TW","1996-00",0,556
"TW-TW","2001-05",0,629
"TW-TW","2006-10",0,810
"TW-TW","2011-15",0,864
"TX-US","1986-90",10,68
"TX-US","1991-95",23,60
"TX-US","1996-00",1,374
"TX-US","2001-05",1,566
"TZ-CH","2006-10",2,506
"UA-AE","2006-10",1,669
"UA-AE","2011-15",3,471
"UA-BE","2011-15",1,759
"UA-CA","1996-00",5,217
"UA-CA","2001-05",2,404
"UA-CA","2006-10",1,714
"UA-CA","2011-15",3,482
"UA-DE","2001-05",2,344
"UA-DE","2006-10",1,716
"UA-DE","2011-15",2,519
"UA-ES","1996-00",1,508
"UA-FR","2006-10",1,559
"UA-GB","2001-05",2,357
"UA-GB","2006-10",7,259
"UA-GB","2011-15",1,603
"UA-IL","1996-00",2,314
"UA-IL","2001-05",1,543
"UA-IL","2006-10",1,692
"UA-IT","2006-10",1,741
"UA-KR","1996-00",3,258
"UA-KR","2006-10",1,630
"UA-NL","2006-10",1,615
"UA-NL","2011-15",1,782
"UA-RU","1991-95",5,147
"UA-RU","1996-00",16,115
"UA-RU","2001-05",4,301
"UA-RU","2006-10",6,289
"UA-RU","2011-15",3,439
"UA-SE","2006-10",1,572
"UA-SE","2011-15",2,545
"UA-UA","1991-95",0,401
"UA-UA","1996-00",0,613
"UA-UA","2001-05",0,683
"UA-UA","2006-10",0,819
"UA-UA","2011-15",0,908
"UG-GB","2011-15",1,816
"UG-SA","2011-15",1,652
"US-AE","1986-90",2,176
"US-AE","1991-95",1,364
"US-AE","1996-00",9,158
"US-AE","2001-05",20,124
"US-AE","2006-10",13,190
"US-AE","2011-15",33,129
"US-AM","2001-05",1,574
"US-AM","2006-10",1,549
"US-AM","2011-15",2,525
"US-AR","1986-90",5,92
"US-AR","1991-95",4,157
"US-AR","1996-00",6,198
"US-AR","2001-05",11,174
"US-AR","2006-10",36,115
"US-AR","2011-15",28,147
"US-AT","1986-90",36,32
"US-AT","1991-95",51,37
"US-AT","1996-00",75,42
"US-AT","2001-05",112,47
"US-AT","2006-10",183,44
"US-AT","2011-15",198,48
"US-AU","1986-90",177,8
"US-AU","1991-95",299,7
"US-AU","1996-00",565,9
"US-AU","2001-05",824,11
"US-AU","2006-10",1071,11
"US-AU","2011-15",1385,12
"US-BD","2001-05",3,311
"US-BD","2006-10",3,405
"US-BD","2011-15",2,511
"US-BE","1986-90",75,16
"US-BE","1991-95",91,20
"US-BE","1996-00",195,21
"US-BE","2001-05",251,25
"US-BE","2006-10",245,32
"US-BE","2011-15",272,39
"US-BG","1996-00",4,235
"US-BG","2001-05",10,178
"US-BG","2006-10",11,207
"US-BG","2011-15",17,197
"US-BM","1991-95",1,380
"US-BM","2001-05",4,291
"US-BM","2006-10",4,356
"US-BM","2011-15",1,786
"US-BR","1986-90",5,95
"US-BR","1991-95",14,76
"US-BR","1996-00",29,79
"US-BR","2001-05",57,64
"US-BR","2006-10",71,73
"US-BR","2011-15",138,58
"US-BS","1986-90",2,184
"US-BS","1991-95",1,389
"US-BS","1996-00",2,348
"US-BS","2001-05",2,391
"US-BS","2006-10",1,665
"US-BY","1996-00",1,515
"US-BY","2001-05",2,424
"US-BY","2006-10",4,353
"US-BY","2011-15",1,730
"US-CA","1986-90",648,4
"US-CA","1991-95",1159,4
"US-CA","1996-00",2270,4
"US-CA","2001-05",3585,4
"US-CA","2006-10",4977,2
"US-CA","2011-15",7352,2
"US-CH","1986-90",124,11
"US-CH","1991-95",227,12
"US-CH","1996-00",462,11
"US-CH","2001-05",591,15
"US-CH","2006-10",704,17
"US-CH","2011-15",945,17
"US-CL","1986-90",1,307
"US-CL","1991-95",6,129
"US-CL","1996-00",10,154
"US-CL","2001-05",3,308
"US-CL","2006-10",4,328
"US-CL","2011-15",12,248
"US-CN","1986-90",9,74
"US-CN","1991-95",72,26
"US-CN","1996-00",413,14
"US-CN","2001-05",3027,5
"US-CN","2006-10",11630,1
"US-CN","2011-15",26120,1
"US-CO","1986-90",5,101
"US-CO","1991-95",1,280
"US-CO","1996-00",6,213
"US-CO","2001-05",6,242
"US-CO","2006-10",5,312
"US-CO","2011-15",12,246
"US-CR","1986-90",2,196
"US-CR","1996-00",1,478
"US-CR","2001-05",6,233
"US-CR","2006-10",14,181
"US-CR","2011-15",10,266
"US-CU","2011-15",1,781
"US-CY","2001-05",3,343
"US-CY","2006-10",9,231
"US-CY","2011-15",15,219
"US-CZ","1986-90",3,141
"US-CZ","1991-95",7,121
"US-CZ","1996-00",11,144
"US-CZ","2001-05",14,152
"US-CZ","2006-10",56,86
"US-CZ","2011-15",102,73
"US-DE","1986-90",841,3
"US-DE","1991-95",1339,3
"US-DE","1996-00",2842,3
"US-DE","2001-05",3653,3
"US-DE","2006-10",3807,4
"US-DE","2011-15",4382,6
"US-DK","1986-90",34,34
"US-DK","1991-95",86,22
"US-DK","1996-00",126,31
"US-DK","2001-05",182,32
"US-DK","2006-10",265,30
"US-DK","2011-15",301,35
"US-EE","2006-10",6,277
"US-EE","2011-15",3,487
"US-EG","1991-95",6,136
"US-EG","1996-00",12,138
"US-EG","2001-05",16,141
"US-EG","2006-10",21,152
"US-EG","2011-15",32,132
"US-ES","1986-90",3,153
"US-ES","1991-95",49,39
"US-ES","1996-00",112,35
"US-ES","2001-05",121,45
"US-ES","2006-10",168,48
"US-ES","2011-15",231,42
"US-FI","1986-90",12,61
"US-FI","1991-95",55,34
"US-FI","1996-00",147,28
"US-FI","2001-05",213,27
"US-FI","2006-10",175,45
"US-FI","2011-15",226,43
"US-FR","1986-90",223,7
"US-FR","1991-95",407,6
"US-FR","1996-00",802,6
"US-FR","2001-05",1050,8
"US-FR","2006-10",1286,9
"US-FR","2011-15",1389,11
"US-GB","1986-90",1259,1
"US-GB","1991-95",1937,1
"US-GB","1996-00",3108,1
"US-GB","2001-05",4038,1
"US-GB","2006-10",4777,3
"US-GB","2011-15",5922,4
"US-GE","1996-00",2,333
"US-GE","2001-05",9,194
"US-GE","2006-10",3,398
"US-GE","2011-15",1,684
"US-GI","2006-10",1,618
"US-GI","2011-15",1,798
"US-GR","1986-90",4,124
"US-GR","1991-95",9,96
"US-GR","1996-00",9,169
"US-GR","2001-05",29,101
"US-GR","2006-10",36,116
"US-GR","2011-15",34,128
"US-HK","1986-90",17,46
"US-HK","1991-95",35,43
"US-HK","1996-00",95,40
"US-HK","2001-05",157,39
"US-HK","2006-10",189,43
"US-HK","2011-15",331,30
"US-HR","2006-10",2,454
"US-HR","2011-15",4,420
"US-HU","1986-90",16,50
"US-HU","1991-95",32,44
"US-HU","1996-00",33,74
"US-HU","2001-05",48,78
"US-HU","2006-10",48,96
"US-HU","2011-15",57,101
"US-ID","1986-90",1,282
"US-ID","1991-95",4,170
"US-ID","1996-00",10,150
"US-ID","2001-05",6,240
"US-ID","2006-10",6,292
"US-ID","2011-15",8,303
"US-IE","1986-90",43,28
"US-IE","1991-95",59,31
"US-IE","1996-00",187,22
"US-IE","2001-05",319,23
"US-IE","2006-10",441,21
"US-IE","2011-15",711,23
"US-IL","1986-90",151,9
"US-IL","1991-95",281,9
"US-IL","1996-00",499,10
"US-IL","2001-05",759,12
"US-IL","2006-10",1139,10
"US-IL","2011-15",1722,10
"US-IN","1986-90",18,45
"US-IN","1991-95",51,36
"US-IN","1996-00",235,19
"US-IN","2001-05",880,9
"US-IN","2006-10",2504,7
"US-IN","2011-15",5147,5
"US-IR","1991-95",5,150
"US-IR","1996-00",2,343
"US-IR","2001-05",5,263
"US-IR","2006-10",2,486
"US-IR","2011-15",6,348
"US-IS","1996-00",1,380
"US-IS","2001-05",14,148
"US-IS","2006-10",11,211
"US-IS","2011-15",11,261
"US-IT","1986-90",78,14
"US-IT","1991-95",105,19
"US-IT","1996-00",136,29
"US-IT","2001-05",208,28
"US-IT","2006-10",252,31
"US-IT","2011-15",339,29
"US-JE","2011-15",7,312
"US-JM","1996-00",1,529
"US-JM","2001-05",2,387
"US-JM","2006-10",3,373
"US-JM","2011-15",7,332
"US-JO","1986-90",2,168
"US-JO","1996-00",2,317
"US-JO","2001-05",2,361
"US-JO","2006-10",1,743
"US-JO","2011-15",1,705
"US-JP","1986-90",1068,2
"US-JP","1991-95",1641,2
"US-JP","1996-00",2850,2
"US-JP","2001-05",3673,2
"US-JP","2006-10",3771,5
"US-JP","2011-15",4114,7
"US-KE","2001-05",1,586
"US-KE","2006-10",3,410
"US-KE","2011-15",2,564
"US-KR","1986-90",73,17
"US-KR","1991-95",287,8
"US-KR","1996-00",646,8
"US-KR","2001-05",2073,6
"US-KR","2006-10",3603,6
"US-KR","2011-15",6859,3
"US-KW","1991-95",3,208
"US-KW","2006-10",3,384
"US-KW","2011-15",3,459
"US-KY","1986-90",1,223
"US-KY","1991-95",2,263
"US-KY","1996-00",2,353
"US-KY","2001-05",5,261
"US-KY","2006-10",3,378
"US-KY","2011-15",28,148
"US-KZ","2011-15",1,740
"US-LB","1996-00",7,196
"US-LB","2001-05",3,324
"US-LB","2006-10",7,262
"US-LB","2011-15",8,302
"US-LI","1986-90",3,156
"US-LI","1991-95",2,242
"US-LI","1996-00",1,502
"US-LI","2011-15",1,738
"US-LK","2006-10",3,396
"US-LK","2011-15",2,587
"US-LT","1991-95",1,288
"US-LT","1996-00",1,517
"US-LT","2001-05",1,504
"US-LU","1986-90",8,81
"US-LU","1991-95",8,116
"US-LU","1996-00",9,166
"US-LU","2001-05",18,133
"US-LU","2006-10",19,157
"US-LU","2011-15",20,178
"US-LV","1996-00",1,525
"US-LV","2006-10",1,635
"US-LV","2011-15",2,560
"US-MC","1986-90",2,160
"US-MC","2001-05",3,339
"US-MC","2006-10",3,400
"US-MT","2006-10",3,364
"US-MT","2011-15",2,528
"US-MX","1986-90",9,71
"US-MX","1991-95",29,47
"US-MX","1996-00",37,68
"US-MX","2001-05",59,62
"US-MX","2006-10",43,101
"US-MX","2011-15",65,96
"US-MY","1986-90",2,192
"US-MY","1991-95",5,144
"US-MY","1996-00",25,83
"US-MY","2001-05",51,72
"US-MY","2006-10",78,71
"US-MY","2011-15",76,84
"US-NG","1991-95",1,269
"US-NG","1996-00",2,354
"US-NG","2001-05",1,501
"US-NG","2011-15",2,521
"US-NL","1986-90",132,10
"US-NL","1991-95",182,13
"US-NL","1996-00",261,18
"US-NL","2001-05",364,18
"US-NL","2006-10",440,22
"US-NL","2011-15",820,20
"US-NO","1986-90",14,55
"US-NO","1991-95",17,67
"US-NO","1996-00",62,49
"US-NO","2001-05",51,71
"US-NO","2006-10",124,54
"US-NO","2011-15",131,61
"US-NZ","1986-90",16,49
"US-NZ","1991-95",28,49
"US-NZ","1996-00",72,45
"US-NZ","2001-05",148,41
"US-NZ","2006-10",164,49
"US-NZ","2011-15",225,44
"US-OM","1996-00",1,426
"US-OM","2001-05",11,169
"US-OM","2006-10",6,287
"US-OM","2011-15",3,490
"US-PE","1986-90",1,312
"US-PH","1986-90",1,227
"US-PH","1991-95",6,128
"US-PH","1996-00",11,140
"US-PH","2001-05",18,129
"US-PH","2006-10",12,196
"US-PH","2011-15",27,149
"US-PK","1996-00",4,245
"US-PK","2001-05",6,237
"US-PK","2006-10",7,264
"US-PK","2011-15",10,274
"US-PL","1986-90",7,85
"US-PL","1991-95",6,126
"US-PL","1996-00",19,97
"US-PL","2001-05",14,153
"US-PL","2006-10",24,141
"US-PL","2011-15",54,104
"US-PT","1986-90",1,245
"US-PT","1991-95",2,261
"US-PT","1996-00",3,282
"US-PT","2001-05",7,221
"US-PT","2006-10",11,202
"US-PT","2011-15",18,194
"US-QA","2006-10",4,354
"US-QA","2011-15",12,242
"US-RO","1991-95",1,309
"US-RO","1996-00",2,293
"US-RO","2001-05",9,198
"US-RO","2006-10",10,214
"US-RO","2011-15",10,273
"US-RS","1986-90",7,84
"US-RS","1991-95",3,199
"US-RS","1996-00",1,534
"US-RS","2006-10",11,208
"US-RS","2011-15",17,201
"US-RU","1986-90",9,72
"US-RU","1991-95",28,48
"US-RU","1996-00",99,38
"US-RU","2001-05",113,46
"US-RU","2006-10",103,58
"US-RU","2011-15",177,51
"US-SA","1986-90",4,127
"US-SA","1991-95",3,206
"US-SA","1996-00",11,147
"US-SA","2001-05",30,99
"US-SA","2006-10",60,83
"US-SA","2011-15",170,54
"US-SC","1986-90",5,96
"US-SC","1991-95",2,256
"US-SC","1996-00",4,239
"US-SC","2001-05",4,297
"US-SC","2006-10",2,474
"US-SC","2011-15",1,613
"US-SE","1986-90",57,22
"US-SE","1991-95",156,14
"US-SE","1996-00",421,13
"US-SE","2001-05",324,21
"US-SE","2006-10",438,23
"US-SE","2011-15",659,24
"US-SG","1986-90",12,60
"US-SG","1991-95",56,33
"US-SG","1996-00",274,17
"US-SG","2001-05",642,13
"US-SG","2006-10",757,16
"US-SG","2011-15",1122,14
"US-SI","1986-90",1,299
"US-SI","1991-95",2,221
"US-SI","1996-00",2,319
"US-SI","2006-10",2,413
"US-SI","2011-15",7,321
"US-SK","2006-10",2,418
"US-SK","2011-15",5,377
"US-TH","1986-90",2,177
"US-TH","1991-95",9,100
"US-TH","1996-00",16,114
"US-TH","2001-05",17,137
"US-TH","2006-10",30,128
"US-TH","2011-15",68,92
"US-TN","1991-95",3,182
"US-TN","2001-05",1,588
"US-TN","2011-15",3,437
"US-TR","1986-90",3,138
"US-TR","1991-95",2,245
"US-TR","1996-00",9,163
"US-TR","2001-05",42,83
"US-TR","2006-10",65,80
"US-TR","2011-15",104,72
"US-TW","1986-90",44,26
"US-TW","1991-95",249,11
"US-TW","1996-00",850,5
"US-TW","2001-05",1823,7
"US-TW","2006-10",2402,8
"US-TW","2011-15",3630,8
"US-UA","1996-00",5,230
"US-UA","2001-05",7,212
"US-UA","2006-10",5,295
"US-UA","2011-15",13,230
"US-US","1986-90",0,366
"US-US","1991-95",0,451
"US-US","1996-00",0,590
"US-US","2001-05",0,679
"US-US","2006-10",0,814
"US-US","2011-15",0,884
"UY-IE","2006-10",1,680
"UY-US","2001-05",1,433
"UY-US","2006-10",3,393
"UY-US","2011-15",3,460
"UY-UY","1986-90",0,322
"UY-UY","1991-95",0,453
"UY-UY","2001-05",0,610
"UY-UY","2006-10",0,747
"UY-UY","2011-15",0,889
"VA-IT","2001-05",1,511
"VA-US","1986-90",1,293
"VA-US","1996-00",1,505
"VA-US","2011-15",1,762
"VE-AT","2006-10",1,726
"VE-BE","1996-00",1,516
"VE-BE","2001-05",1,466
"VE-BE","2006-10",1,558
"VE-BR","1996-00",1,507
"VE-BR","2001-05",2,426
"VE-BR","2006-10",4,350
"VE-BR","2011-15",1,820
"VE-CA","1996-00",3,260
"VE-CA","2006-10",2,442
"VE-CA","2011-15",3,491
"VE-DE","1986-90",3,150
"VE-DE","1996-00",2,335
"VE-DE","2006-10",1,713
"VE-ES","1996-00",1,492
"VE-ES","2006-10",1,696
"VE-ES","2011-15",1,719
"VE-FR","2006-10",1,683
"VE-GB","1996-00",1,407
"VE-GB","2001-05",1,498
"VE-GB","2006-10",1,623
"VE-GB","2011-15",1,712
"VE-IT","1991-95",1,292
"VE-IT","1996-00",1,498
"VE-IT","2001-05",1,572
"VE-JP","1991-95",1,285
"VE-JP","1996-00",1,509
"VE-MX","1996-00",2,313
"VE-MX","2001-05",2,392
"VE-MX","2006-10",1,727
"VE-MX","2011-15",2,543
"VE-NL","2011-15",1,741
"VE-SA","2001-05",1,599
"VE-US","1986-90",4,113
"VE-US","1991-95",9,101
"VE-US","1996-00",17,106
"VE-US","2001-05",13,156
"VE-US","2006-10",28,132
"VE-US","2011-15",12,237
"VE-VE","1986-90",0,361
"VE-VE","1991-95",0,442
"VE-VE","1996-00",0,547
"VE-VE","2001-05",0,685
"VE-VE","2006-10",0,817
"VE-VE","2011-15",0,825
"VG-CN","2006-10",1,731
"VG-GB","1986-90",1,268
"VG-GB","2001-05",3,341
"VG-HK","1996-00",2,349
"VG-TW","1996-00",1,418
"VG-TW","2011-15",2,554
"VG-US","1991-95",1,326
"VG-US","2001-05",1,600
"VG-US","2006-10",1,687
"VN-AU","2011-15",1,620
"VN-CA","2006-10",5,301
"VN-CA","2011-15",2,556
"VN-CH","2006-10",1,742
"VN-CH","2011-15",1,772
"VN-DK","2006-10",2,427
"VN-FR","1986-90",1,219
"VN-FR","2001-05",1,581
"VN-GB","2011-15",2,502
"VN-JP","2006-10",1,594
"VN-JP","2011-15",2,532
"VN-SA","2006-10",1,607
"VN-SG","2011-15",1,803
"VN-US","2006-10",6,293
"VN-US","2011-15",18,196
"VN-VE","2001-05",1,598
"VN-VN","1996-00",0,554
"VN-VN","2006-10",0,798
"VN-VN","2011-15",0,827
"VU-US","2011-15",1,791
"WA-CA","1996-00",1,487
"WA-CH","1991-95",1,297
"WA-GB","1986-90",3,132
"WA-GB","1991-95",1,324
"WA-GB","1996-00",1,526
"WA-GB","2001-05",1,595
"WA-GB","2006-10",4,355
"WA-JP","2011-15",1,673
"WA-US","1986-90",4,128
"WA-US","1991-95",1,384
"WA-US","2001-05",1,577
"WA-US","2011-15",1,821
"WF-US","1991-95",1,344
"WF-US","2006-10",2,516
"WI-US","1986-90",4,122
"WI-US","1991-95",4,155
"WI-US","2011-15",2,537
"YE-SA","2011-15",1,706
"ZA-AR","1996-00",1,446
"ZA-AT","1986-90",1,235
"ZA-AT","2001-05",3,312
"ZA-AT","2006-10",1,720
"ZA-AT","2011-15",1,619
"ZA-AU","1986-90",2,180
"ZA-AU","1991-95",2,262
"ZA-AU","1996-00",6,200
"ZA-AU","2001-05",3,334
"ZA-AU","2006-10",5,323
"ZA-AU","2011-15",3,488
"ZA-BE","1996-00",1,532
"ZA-BE","2001-05",4,276
"ZA-BE","2006-10",1,718
"ZA-BE","2011-15",2,520
"ZA-BR","2006-10",1,624
"ZA-BS","1991-95",1,373
"ZA-CA","1986-90",3,151
"ZA-CA","1991-95",7,120
"ZA-CA","1996-00",3,256
"ZA-CA","2001-05",4,299
"ZA-CA","2006-10",8,244
"ZA-CA","2011-15",1,650
"ZA-CH","1986-90",1,265
"ZA-CH","1996-00",2,351
"ZA-CL","2006-10",1,719
"ZA-CL","2011-15",1,677
"ZA-CN","1996-00",2,308
"ZA-CN","2001-05",2,358
"ZA-CN","2006-10",5,325
"ZA-CN","2011-15",6,355
"ZA-DE","1986-90",10,70
"ZA-DE","1991-95",14,78
"ZA-DE","1996-00",16,113
"ZA-DE","2001-05",2,400
"ZA-DE","2006-10",9,233
"ZA-DE","2011-15",15,214
"ZA-FI","1991-95",1,377
"ZA-FR","1991-95",1,376
"ZA-FR","1996-00",1,499
"ZA-FR","2011-15",4,382
"ZA-GB","1986-90",12,58
"ZA-GB","1991-95",12,89
"ZA-GB","1996-00",16,111
"ZA-GB","2001-05",9,197
"ZA-GB","2006-10",11,199
"ZA-GB","2011-15",32,133
"ZA-HK","1996-00",1,533
"ZA-HK","2001-05",1,516
"ZA-IE","1986-90",1,251
"ZA-IL","1986-90",2,188
"ZA-IL","2001-05",1,487
"ZA-IL","2011-15",2,581
"ZA-IN","2006-10",3,409
"ZA-IN","2011-15",7,316
"ZA-IT","1986-90",2,178
"ZA-JP","1986-90",1,225
"ZA-JP","2001-05",1,438
"ZA-JP","2006-10",1,685
"ZA-JP","2011-15",1,651
"ZA-NL","1986-90",2,172
"ZA-NL","1996-00",8,177
"ZA-NL","2001-05",4,283
"ZA-NL","2006-10",1,553
"ZA-NZ","2006-10",1,649
"ZA-PL","2006-10",1,529
"ZA-PL","2011-15",4,411
"ZA-SA","1996-00",3,255
"ZA-SA","2001-05",2,360
"ZA-SA","2006-10",2,429
"ZA-SA","2011-15",4,397
"ZA-US","1986-90",22,43
"ZA-US","1991-95",24,55
"ZA-US","1996-00",41,63
"ZA-US","2001-05",50,73
"ZA-US","2006-10",58,84
"ZA-US","2011-15",120,66
"ZA-ZA","1986-90",0,319
"ZA-ZA","1991-95",0,449
"ZA-ZA","1996-00",0,555
"ZA-ZA","2001-05",0,640
"ZA-ZA","2006-10",0,785
"ZA-ZA","2011-15",0,887
"ZM-JP","1991-95",1,386
"ZW-GB","2006-10",1,736
"ZW-US","1996-00",1,474
"ZW-US","2011-15",2,580
